law_id,name
XIIIP-460,„Dėl 1979 metų Tolimų tarpvalstybinių oro teršalų pernašų konvencijos 1998 metų Protokolo dėl patvariųjų organinių teršalų pakeitimų ratifikavimo“ įstatymas
XIIIP-459,„Dėl 1979 metų Tolimų tarpvalstybinių oro teršalų pernašų konvencijos 1998 metų Protokolo dėl sunkiųjų metalų pakeitimų ratifikavimo“ įstatymas
XIIIP-3399,"„Dėl 1979 metų Tolimų tarpvalstybinių oro teršalų pernašų konvencijos 1999 metų Protokolo dėl rūgštėjimo, eutrofikacijos ir pažemio ozono mažinimo pakeitimų ratifikavimo“ įstatymas"
XIIIP-1361,„Dėl 2004 m. Tarptautinės konvencijos dėl laivų balastinių vandenų ir nuosėdų kontrolės ir valdymo ratifikavimo“ įstatymas
XIIIP-2955,"„Dėl 2018 m. liepos 13 d. Tarybos sprendimo (ES, Euratomas) 2018/994, kuriuo iš dalies keičiamas prie 1976 m. rugsėjo 20 d. Tarybos sprendimo 76/787/EAPB, EEB, Euratomas pridėtas Aktas dėl Europos Parlamento narių rinkimų remiantis tiesiogine visuotine rinkimų teise, patvirtinimo“ įstatymas"
XIIIP-1649,"„Dėl Daugiašalės konvencijos, kuria įgyvendinamos su mokesčių sutartimis susijusios priemonės, skirtos užkirsti kelią mokesčių bazės erozijai ir pelno perkėlimui ratifikavimo“ įstatymas"
XIIIP-100,"„Dėl Estijos Respublikos Vyriausybės, Islandijos Respublikos Vyriausybės, Latvijos Respublikos Vyriausybės, Lenkijos Respublikos Vyriausybės, Lietuvos Respublikos Vyriausybės, Norvegijos Karalystės Vyriausybės, Rusijos Federacijos Vyriausybės, Suomijos Respublikos Vyriausybės, Švedijos Karalystės Vyriausybės ir Vokietijos Federacinės Respublikos Vyriausybės susitarimo dėl Šiaurės matmens partnerystės visuomenės sveikatos ir socialinės gerovės srityje (NDPHS) sekretoriato įsteigimo ratifikavimo“ įstatymas"
XIIIP-384,"„Dėl Estijos Respublikos Vyriausybės, Latvijos Respublikos Vyriausybės ir Lietuvos Respublikos Vyriausybės protokolo dėl Baltijos gynybos koledžo ir jo personalo statuso pakeitimo protokolo ratifikavimo“ įstatymas"
XIIIP-4691,"„Dėl Estijos Respublikos Vyriausybės, Latvijos Respublikos Vyriausybės ir Lietuvos Respublikos Vyriausybės susitarimo dėl Baltijos oro erdvės stebėjimo ir kontrolės sistemos organizavimo ratifikavimo“ įstatymas"
XIIIP--1002,"„Dėl Estijos Respublikos Vyriausybės, Latvijos Respublikos Vyriausybės ir Lietuvos Respublikos Vyriausybės susitarimo dėl geležinkelių jungties„Rail Baltic / Rail Baltica“plėtros ratifikavimo“ įstatymas"
XIIIP-2641,"„Dėl Estijos Respublikos Vyriausybės, Latvijos Respublikos Vyriausybės ir Lietuvos Respublikos Vyriausybės susitarimo dėl su aukštuoju mokslu susijusių kvalifikacijų automatiško akademinio pripažinimo ratifikavimo“ įstatymas"
XIIIP-383,"„Dėl Europos Bendrijos bei jos valstybių narių ir Pietų Afrikos Respublikos susitarimo, iš dalies keičiančio Prekybos, plėtros ir bendradarbiavimo susitarimą, ratifikavimo“ įstatymas"
XIIIP-3762,"„Dėl Europos konvencijos dėl brutalaus žiūrovų elgesio per sporto varžybas ir ypač per futbolo rungtynes denonsavimo ir Europos Tarybos konvencijos dėl integruoto požiūrio į saugumą, apsaugą ir paslaugas per futbolo rungtynes ir kitus sporto renginius ratifikavimo“ įstatymas"
XIIIP-4436,„Dėl Europos konvencijos dėl savitarpio pagalbos baudžiamosiose bylose antrojo papildomo protokolo ratifikavimo“ įstatymas
XIIIP-1183(2),„Dėl Europos Sąjungos bei jos valstybių narių ir Afganistano Islamo Respublikos bendradarbiavimo partnerystės ir vystymosi srityje susitarimo ratifikavimo“ įstatymas
XIIIP-3104(2),„Dėl Europos Sąjungos bei jos valstybių narių ir Izraelio Valstybės Vyriausybės Europos ir Viduržemio jūros regiono valstybių aviacijos susitarimo ratifikavimo“ įstatymas
XIIIP-754,„Dėl Europos Sąjungos bei jos valstybių narių ir Kanados strateginės partnerystės susitarimo ratifikavimo“ įstatymas
XIIIP-2479(2) ,„Dėl Europos Sąjungos bei jos valstybių narių ir Kubos Respublikos politinio dialogo ir bendradarbiavimo susitarimo ratifikavimo“ įstatymas
XIIIP-1273,„Dėl Europos Sąjungos bei jos valstybių narių ir Moldovos Respublikos bendrosios aviacijos erdvės susitarimo ratifikavimo“ įstatymas
XIIIP-1557(2),„Dėl Europos Sąjungos bei jos valstybių narių ir Naujosios Zelandijos partnerystės susitarimo dėl santykių ir bendradarbiavimo ratifikavimo“ įstatymas
XIIIP-871,„Dėl Europos Sąjungos bei jos valstybių narių ir PAVB EPS valstybių ekonominės partnerystės susitarimo ratifikavimo“ įstatymas
XIIIP--2484,"„Dėl Europos Sąjungos bei jos valstybių narių, Islandijos ir Norvegijos Karalystės papildomo susitarimo dėl Jungtinių Amerikos Valstijų, Europos Sąjungos bei jos valstybių narių, Islandijos ir Norvegijos Karalystės oro susisiekimo susitarimo taikymo ratifikavimo“ įstatymas"
XIIIP-4397(2),„Dėl Europos Sąjungos ir Islandijos Respublikos bei Norvegijos Karalystės susitarimo dėl perdavimo tvarkos tarp Europos Sąjungos valstybių narių ir Islandijos bei Norvegijos ratifikavimo“ įstatymas
XII-1322,„Dėl Europos Sąjungos valstybių narių sprendimų baudžiamosiose bylose tarpusavio pripažinimo ir vykdymo“ įstatymas
XIIIP-1535,„Dėl Europos Tarybos konvencijos dėl bendros kino filmų gamybos (pataisytos) ratifikavimo“ įstatymas
XIIIP-4177,"„Dėl Europos Tarybos konvencijos dėl nusikalstamu būdu įgytų pajamų plovimo, paieškos, arešto ir konfiskavimo bei terorizmo finansavimo ratifikavimo“ įstatymas"
XIIP-4438(2),„Dėl Europos Tarybos konvencijos dėl terorizmo prevencijos papildomo protokolo ratifikavimo“ įstatymas
XIIIP-1182,"„Dėl Ganos, vienos šalies, ir Europos bendrijos bei jos valstybių narių, kitos šalies, tarpinio ekonominės partnerystės susitarimo ratifikavimo“ įstatymas"
XIIIP-2483,"„Dėl Jungtinių Amerikos Valstijų, Europos Sąjungos bei jos valstybių narių, Islandijos ir Norvegijos Karalystės oro susisiekimo susitarimo ratifikavimo“ įstatymas"
XIIIP-753,„Dėl Kanados ir Europos Sąjungos bei jos valstybių narių išsamaus ekonomikos ir prekybos susitarimo (IEPS) ratifikavimo“ įstatymas
XIIIP-2398(2),„Dėl Kelių eismo konvencijos ratifikavimo“ įstatymas
XIIIP-4720,„Dėl Konvencijos dėl Europos miškų instituto ratifikavimo“ įstatymas
XIIIP-399,„Dėl Konvencijos dėl kovos su užsienio pareigūnų papirkimu sudarant tarptautinius verslo sandorius ratifikavimo“ įstatymas
XIIIP-2514,"„Dėl Lenkijos Respublikos Vyriausybės, Lietuvos Respublikos Vyriausybės ir Ukrainos Ministrų Kabineto susitarimo dėl Lenkijos Respublikos Vyriausybės, Lietuvos Respublikos Vyriausybės ir Ukrainos Ministrų Kabineto susitarimo dėl bendro karinio vieneto įsteigimo pakeitimo ratifikavimo“ įstatymas"
VIII-1021,„Dėl Lietuvos Laisvės Kovos Sąjūdžio Tarybos 1949 m. vasario 16 d. deklaracijos“ įstatymas
XIIIP-3125(2),„Dėl Lietuvos Respublikos ir Brazilijos Federacinės Respublikos sutarties dėl nuteistųjų asmenų perdavimo ratifikavimo“ įstatymas
XIIIP-1407(2),„Dėl Lietuvos Respublikos ir Europos branduolinių mokslinių tyrimų organizacijos (CERN) susitarimo dėl CERN asocijuotojo nario statuso suteikimo ratifikavimo“ įstatymas
XIIIP-1550,„Dėl Lietuvos Respublikos ir Indijos Respublikos sutarties dėl ekstradicijos ratifikavimo“ įstatymas
XIIIP-1551,„Dėl Lietuvos Respublikos ir Japonijos sutarties dėl pajamų dvigubo apmokestinimo išvengimo ir mokesčių slėpimo ir vengimo prevencijos ratifikavimo“ įstatymas
XIIIP-1053(2),"„Dėl Lietuvos Respublikos ir Kazachstano Respublikos sutarties dėl asmenų, kuriems paskirta laisvės atėmimo bausmė, ir asmenų, kuriems pritaikytos priverčiamosios medicinos priemonės, perdavimo ratifikavimo“ įstatymas"
XIIIP-4178(2),„Dėl Lietuvos Respublikos ir Lichtenšteino Kunigaikštystės sutarties dėl pajamų bei kapitalo dvigubo apmokestinimo išvengimo ir mokesčių slėpimo ir vengimo prevencijos ratifikavimo“ įstatymas
XIIIP-1885,„Dėl Lietuvos Respublikos ir Ukrainos susitarimo dėl Lietuvos Respublikos ir Ukrainos sutarties dėl socialinės apsaugos pakeitimų ir papildymų ratifikavimo“ įstatymas
XIII-877,„Dėl Lietuvos Respublikos narystės Tarptautiniame valiutos fonde“ įstatymas
XIIIP-3557(2),„Dėl Lietuvos Respublikos Vyriausybės ir Indijos Respublikos Vyriausybės susitarimo dėl oro susisiekimo pakeitimo ir papildymo protokolo ratifikavimo“ įstatymas
XIIIP-2937(2),„Dėl Lietuvos Respublikos Vyriausybės ir Izraelio Valstybės Vyriausybės susitarimo dėl bendradarbiavimo viešojo saugumo ir kovos su nusikalstamumu srityse ratifikavimo“ įstatymas
XIIIP-342(2),„Dėl Lietuvos Respublikos Vyriausybės ir Jungtinių Amerikos Valstijų Vyriausybės susitarimo dėl bendradarbiavimo gynybos srityje ratifikavimo“ įstatymas
XIIIP-982,„Dėl Lietuvos Respublikos Vyriausybės ir Jungtinių Arabų Emyratų Vyriausybės susitarimo dėl oro susisiekimo tarp atitinkamų jų teritorijų ir už jų ribų ratifikavimo“ įstatymas
XIIIP-3947(2),„Dėl Lietuvos Respublikos Vyriausybės ir Latvijos Respublikos Vyriausybės susitarimo dėl Lietuvos ir Latvijos valstybės sienos priežiūros ir sienos įgaliotinių veiklos ratifikavimo“ įstatymas
XIIIP-3110(2),„Dėl Lietuvos Respublikos Vyriausybės ir Latvijos Respublikos Vyriausybės tarpvalstybinio bendradarbiavimo susitarimo dėl greitosios medicinos pagalbos paslaugų teikimo Lietuvos Respublikos ir Latvijos Respublikos pasienio teritorijoje ratifikavimo“ įstatymas
XIIIP-2397(2),"„Dėl Lietuvos Respublikos Vyriausybės ir Lenkijos Respublikos Vyriausybės sutarties dėl sienos dokumentacijos, kurioje apibrėžiama Lietuvos Respublikos ir Lenkijos Respublikos valstybės sienos linijos padėtis, ratifikavimo“ įstatymas"
XIIIP-394,„Dėl Lietuvos Respublikos Vyriausybės ir Moldovos Respublikos Vyriausybės susitarimo dėl bendradarbiavimo ir abipusės pagalbos ekstremaliųjų situacijų prevencijos ir likvidavimo srityje ratifikavimo“ įstatymas
XIIP-1818(2) ,„Dėl Lietuvos Respublikos Vyriausybės ir Serbijos Respublikos Vyriausybės susitarimo dėl bendradarbiavimo kovojant su nusikalstamumu ratifikavimo“ įstatymas
XIIIP-3387,„Dėl Lietuvos Respublikos Vyriausybės ir Ukrainos Ministrų Kabineto susitarimo dėl įdarbinimo ir bendradarbiavimo darbo migracijos srityje ratifikavimo“ įstatymas
XIIIP-1667(2),„Dėl Lietuvos Respublikos Vyriausybės ir Vengrijos Vyriausybės susitarimo dėl keitimosi įslaptinta informacija ir įslaptintos informacijos abipusės apsaugos ratifikavimo“ įstatymas
XIIIP-3278(2),„Dėl Lietuvos Respublikos Vyriausybės ir Vietnamo Socialistinės Respublikos Vyriausybės susitarimo dėl piliečių readmisijos ratifikavimo“ įstatymas
XIIIP-2297(2),"„Dėl Lietuvos Respublikos Vyriausybės, Estijos Respublikos Vyriausybės ir Latvijos Respublikos Vyriausybės susitarimo dėl abipusės pagalbos ir bendradarbiavimo nelaimių prevencijos, pasirengimo ir reagavimo į nelaimes srityje ratifikavimo“ įstatymas"
XIIIP-4721,„Dėl Metro konvencijos ratifikavimo“ įstatymas
XIIIP-994,„Dėl Minamatos konvencijos dėl gyvsidabrio ratifikavimo“ įstatymas
XIIIP-1932,"„Dėl Monrealio protokolo dėl ozono sluoksnį ardančių medžiagų pakeitimo, priimto dvidešimt aštuntajame šalių susitikime, įvykusiame 2016 m. spalio 10- 15 d. Kigalyje, ratifikavimo“ įstatymas"
XIIIP-220,"„Dėl Paryžiaus susitarimo, priimto pagal Jungtinių Tautų bendrąją klimato kaitos konvenciją, ratifikavimo“ įstatymas"
XIIIP-999,"„Dėl Prisijungimo protokolo prie Europos Sąjungos bei jos valstybių narių ir Kolumbijos bei Peru prekybos susitarimo, kuriuo atsižvelgiama į Ekvadoro prisijungimą, ratifikavimo“ įstatymas"
XIIIP-3795,"„Dėl Protokolo, kuriuo iš dalies keičiama Konvencija dėl asmenų apsaugos ryšium su asmens duomenų automatizuotu tvarkymu ratifikavimo“ įstatymas"
XIIIP-1983(2),"„Dėl Protokolo, kuriuo iš dalies keičiamas 2007 m. balandžio 25 ir 30 d. pasirašytas Europos bendrijos bei jos valstybių narių ir Jungtinių Amerikos Valstijų oro susisiekimo susitarimas, ratifikavimo“ įstatymas"
XIIIP-3326(2),"„Dėl Protokolo, kuriuo pakeičiamas Konvencijos dėl nuteistųjų asmenų perdavimo papildomas protokolas, ratifikavimo“ įstatymas"
XIIIP-3141(2),„Dėl Susitarimo dėl Europos molekulinės biologijos laboratorijos įkūrimo ratifikavimo“ įstatymas
XIIIP-616(2),"„Dėl Susitarimo, kuriuo įsteigiamas Tarptautinis ES ir LAK fondas, ratifikavimo“ įstatymas"
XIIIP-4720(2),"„Dėl Susitarimo, kuriuo iš dalies keičiamas 2004 m. vasario 11 d. Danijos Karalystės, Estijos Respublikos, Islandijos Respublikos, Latvijos Respublikos, Lietuvos Respublikos, Norvegijos Karalystės, Suomijos Respublikos ir Švedijos Karalystės susitarimo dėl Šiaurės investicijų banko priede esančio Šiaurės investicijų banko statuto 14 skirsnis, ratifikavimo“ įstatymas"
XIIIP-263(2),"„Dėl susitarimo, kuriuo steigiama Europos Sąjungos bei jos valstybių narių ir Centrinės Amerikos asociacija, ratifikavimo“ įstatymas"
XIIIP-3256,„Dėl Šiaurės Atlanto sutarties protokolo dėl Šiaurės Makedonijos Respublikos prisijungimo ratifikavimo“ įstatymas
XIIP-4719,„Dėl Tarpinio susitarimo dėl Europos Bendrijos bei jos valstybių narių ir Centrinės Afrikos ekonominės partnerystės susitarimo sudarymo ratifikavimo“ įstatymas
XIIIP-2472,„Dėl Tarptautinės civilinės aviacijos konvencijos pakeitimų protokolų ratifikavimo“ įstatymas
XIIIP-4102(2),„Dėl Tarptautinės darbo organizacijos 1930 m. konvencijos dėl priverstinio ar privalomojo darbo protokolo ratifikavimo“ įstatymas
XIIIP-3185,„Dėl Transeuropinio geležinkelio (TER) kredito fondo susitarimo dėl bendradarbiavimo denonsavimo“ įstatymas
IX-2206,„Dėl Užsieniečių teisinės padėties“ įstatymas
XIIIP-2641,"„Estijos Respublikos Vyriausybės, Latvijos Respublikos Vyriausybės ir Lietuvos Respublikos Vyriausybės susitarimo dėl su aukštuoju mokslu susijusių kvalifikacijų automatiško akademinio pripažinimo ratifikavimo“ įstatymas"
XII-1322,„Europos Sąjungos valstybių narių sprendimų baudžiamosiose bylose tarpusavio pripažinimo ir vykdymo“ įstatymas
XIIIP-4572,"„Lietuvos Respublikos Vyriausybės ir Danijos Karalystės Vyriausybės susitarimo dėl įslaptintos informacijos, kuri parengiama ar kuria keičiamasi vykstant kariniam bendradarbiavimui, abipusės apsaugos ratifikavimo“ įstatymas"
I-1706,"„Respublikos Prezidento, Seimo Pirmininko, Ministro Pirmininko ir oficialių svečių apsaugos departamento nuostatų patvirtinimo“ įstatymas"
XIIP-4803,2017 metų Privalomojo sveikatos draudimo fondo biudžeto rodiklių patvirtinimo įstatymas
XIIP-4790,2017 metų valstybės biudžeto ir savivaldybių biudžetų finansinių rodiklių patvirtinimo įstatymas
XIIIP-1212,2018 metų Privalomojo sveikatos draudimo fondo biudžeto rodiklių patvirtinimo įstatymas
XIII-868,2018 metų valstybės biudžeto ir savivaldybių biudžetų finansinių rodiklių patvirtinimo įstatymas
XIIIP-2732,2019 metų Privalomojo sveikatos draudimo fondo biudžeto rodiklių patvirtinimo įstatymas
XIIIP-2715,2019 metų valstybės biudžeto ir savivaldybių biudžetų finansinių rodiklių patvirtinimo įstatymas
XIIIP-4043,2020 metų Privalomojo sveikatos draudimo fondo biudžeto rodiklių patvirtinimo įstatymas
XIIIP-4014,2020 metų valstybės biudžeto ir savivaldybių biudžetų finansinių rodiklių patvirtinimo įstatymas
VIII-1029,Administracinių bylų teisenos įstatymas
XII-603,Administracinių nusižengimų kodeksas
XIIP-4462,Administracinių teisės pažeidimų kodeksas
IX-2066,Advokatūros įstatymas
XII-2443,Akcinių bendrovių ir uždarųjų akcinių bendrovių obligacijų savininkų interesų gynimo įstatymas
VIII-1835,Akcinių bendrovių įstatymas
IX-569,Akcizų įstatymas
XI-1906,Akmenės laisvosios ekonominės zonos įstatymas
I-857,Alkoholio kontrolės įstatymas
XII-1467,Alternatyviųjų kolektyvinio investavimo subjektų valdytojų įstatymas
XI-1550,Anglies dioksido geologinio saugojimo įstatymas
IX-876,Antstolių įstatymas
I-2375,Apylinkių teismų įsteigimo įstatymas
I–2223,Aplinkos apsaugos įstatymas
VIII-2025,Aplinkos apsaugos rėmimo programos įstatymas
IX-1005,Aplinkos apsaugos valstybinės kontrolės įstatymas
VIII-529,Aplinkos monitoringo įstatymas
VIII-1392,Aplinkos oro apsaugos įstatymas
XI-1425,Apsaugos nuo smurto artimoje aplinkoje įstatymas
XIII-425,Architektūros įstatymas
I-1374,Asmens duomenų teisinės apsaugos įstatymas
XI-1336,"Asmens duomenų, tvarkomų vykdant policijos ir teisminį bendradarbiavimą baudžiamosiose bylose, teisinės apsaugos įstatymas"
IX-2327,Asmens ir turto saugos įstatymas
XIII-3222,Asmens sveikatos priežiūros praktikos
XII-1519,Asmens tapatybės kortelės ir paso įstatymas
X-1262,Asmenų delegavimo į tarptautines ir Europos Sąjungos institucijas ar užsienio valstybių institucijas įstatymas
XIII-2077,Asmenų perkėlimo į Lietuvos Respubliką įstatymas
VIII-342,"Asmenų, nukentėjusių nuo 1939-1990 metų okupacijų, teisinio statuso įstatymas"
VIII-1436,"Asmenų, slapta bendradarbiavusių su buvusios SSRS specialiosiomis tarnybomis, registracijos, prisipažinimo, įskaitos ir prisipažinusiųjų apsaugos įstatymas"
IX-1969,Asociacijų įstatymas
VIII-787,Atliekų tvarkymo įstatymas
VIII-397,Atmintinų dienų įstatymas
XI-1375,Atsinaujinančių išteklių energetikos įstatymas
VIII-1422,Atsiskaitymo už žemės ūkio produkciją įstatymas
IX-1597,Atsiskaitymų baigtinumo mokėjimo ir vertybinių popierių atsiskaitymo sistemose įstatymas
I-1069,Augalų apsaugos įstatymas
IX-533,Augalų nacionalinių genetinių išteklių įstatymas
IX-602,Augalų sėklininkystės įstatymas
IX-618,Augalų veislių apsaugos įstatymas
VIII-1185,Autorių teisių ir gretutinių teisių įstatymas
VIII-2066,Aviacijos įstatymas
IX-325,Azartinių lošimų įstatymas
IX-2085,Bankų įstatymas
VIII-1968,Baudžiamasis kodeksas
I-1202,"Baudžiamojo proceso ir kriminalinės žvalgybos dalyvių, teisingumo ir teisėsaugos institucijų pareigūnų apsaugos nuo nusikalstamo poveikio įstatymas"
IX-785,Baudžiamojo proceso kodeksas
IX-994,Bausmių vykdymo kodeksas
IX-2246,Bendrojo pagalbos centro įstatymas
XIII-1774,Bendruomeninių organizacijų plėtros įstatymas
I-920,Bibliotekų įstatymas
VIII-1679,Biomedicininių tyrimų etikos įstatymas
I-1113,Biudžetinių įstaigų įstatymas
I-430,Biudžeto sandaros įstatymas
X-1231,Branduolinės (atominės) elektrinės įstatymas
XIIIP-835,"Branduolinės elektrinės, statomos Baltarusijos Respublikoje, Astravo rajone, pripažinimo nesaugia, keliančia grėsmę Lietuvos Respublikos nacionaliniam saugumui, aplinkai ir visuomenės sveikatai, įstatymas"
I-1613,Branduolinės energijos įstatymas
XI-1539,Branduolinės saugos įstatymas
IX-574,Buhalterinės apskaitos įstatymas
XIII-306,"Būtinųjų priemonių, skirtų apsisaugoti nuo trečiųjų šalių nesaugių branduolinių elektrinių keliamų grėsmių, įstatymas"
XII-791,Centralizuotai valdomo valstybės turto valdytojo įstatymas
VIII-1682,Centrinių kredito unijų įstatymas
VIII-1641,Cheminių medžiagų ir preparatų įstatymas
XII-2111,Civilinės būklės aktų registravimo įstatymas
IX-1669,Civilinės krašto apsaugos tarnybos statutas
VIII-971,Civilinės saugos įstatymas
X-1809,Civilinį procesą reglamentuojančių Europos Sąjungos ir tarptautinės teisės aktų įgyvendinimo įstatymas
IX-743,Civilinio proceso kodeksas
VIII-1864,Civilinis kodeksas
X-1702,Civilinių ginčų taikinamojo tarpininkavimo įstatymas
IX-931,Civilinių pirotechnikos priemonių apyvartos kontrolės įstatymas
XIIIP-4753(2),COVID-19 (koronaviruso infekcijos) paskelbto karantino sukeltų pasekmių poveikio vartojimo sutarčių dėl renginių organizavimo paslaugų teikimo vykdymui įstatymas
XIIIP-2705,Darbdavių socialinių iniciatyvų skatinimo įstatymas
XII-2603,Darbo kodeksas
IX-1672,Darbuotojų saugos ir sveikatos įstatymas
I-798,Daugiabučių gyvenamųjų namų ir kitos paskirties pastatų savininkų bendrijų įstatymas
XIIIP-2579,"Dėl „Lietuvos Respublikos Vyriausybės ir Jungtinių Amerikos Valstijų Vyriausybės susitarimo dėl bendradarbiavimo mokslo, technologijų ir inovacijų srityje ratifikavimo“ įstatymas"
XIIIP-2579,"Dėl Lietuvos Respublikos Vyriausybės ir Jungtinių Amerikos Valstijų Vyriausybės susitarimo dėl bendradarbiavimo mokslo, technologijų ir inovacijų srityje ratifikavimo“ įstatymas"
VIII-1012,Diplomatinės tarnybos įstatymas
IX-1181,Dizaino įstatymas
I-1115,Dokumentų ir archyvų įstatymas
IX-1737,Draudimo įstatymas
XIII-2310,Dvigubo apmokestinimo ginčų sprendimo
IX-2160,Ekonominių ir kitų tarptautinių sankcijų įgyvendinimo įstatymas
XIII-1120 ,Elektroninės atpažinties ir elektroninių operacijų patikimumo užtikrinimo paslaugų įstatymas
XI-1868,Elektroninių pinigų ir elektroninių pinigų įstaigų įstatymas
IX-2135,Elektroninių ryšių įstatymas
VIII-1881,Elektros energetikos įstatymas
XIIP-4639,Elektros energetikos sistemos bei elektros energijos rinkos apsaugos įstatymas
XI-2052,Elektros energetikos sistemos sujungimo su kontinentinės Europos elektros tinklais darbui sinchroniniu režimu įstatymas
IX-884,Energetikos įstatymas
XI-2023,Energijos išteklių rinkos įstatymas
XII-2702,Energijos vartojimo efektyvumo didinimo įstatymas
VIII-1328,Etninės kultūros valstybinės globos pagrindų įstatymas
XII-828,Euro įvedimo Lietuvos Respublikoje įstatymas
IX-2031,Europos darbo tarybų įstatymas
XIIP-4481,Europos politinių partijų ir Europos politinių fondų
XI-473,Europos Sąjungos institucijų darbuotojų ir Europos Parlamento narių pensinių teisių išsaugojimo ir perkėlimo įstatymas
I-1201,Europos sutarties teisinės pagalbos prašymų perdavimo ratifikavimo įstatymas
X-709,Farmacijos įstatymas
XIII-1281,Finansinės paskatos pirmąjį būstą įsigyjančioms jaunoms šeimoms įstatymas
XI-393,Finansinio tvarumo įstatymas
IX-2127,Finansinio užtikrinimo susitarimų įstatymas
VIII-1227,Finansinių ataskaitų audito įstatymas
IX-816,Finansinių nusikaltimų tyrimo tarnybos įstatymas
X-1024,Finansinių priemonių rinkų įstatymas
IX-1068,Finansų įstaigų įstatymas
XIIIP-3948,Finansų rinkos dalyvių mokesčio įstatymas
VIII-1481,Fitosanitarijos įstatymas
XI-2000,Fizinių asmenų bankroto įstatymas
IX-1762,Gamybos mokesčio cukraus sektoriuje įstatymas
VIII-1973,Gamtinių dujų įstatymas
XII-2604,Garantijų darbuotojams jų darbdaviui tapus nemokiam ir ilgalaikio darbo išmokų įstatymas
XIIIP-71,Garantinio fondo įstatymas
IX-1905,Geležinkelių transporto eismo saugos įstatymas
IX-2152,Geležinkelių transporto kodeksas
IX-375,Genetiškai modifikuotų organizmų įstatymas
IX-415,Geodezijos ir kartografijos įstatymas
IX-433,Geriamojo vandens įstatymas
X-764,Geriamojo vandens tiekimo ir nuotekų tvarkymo įstatymas
XI-1470,Geros valios kompensacijos už žydų religinių bendruomenių nekilnojamąjį turtą įstatymas
I-1485,Ginklų fondo prie Lietuvos Respublikos vidaus reikalų ministerijos įstatymas
IX-705,Ginklų ir šaudmenų kontrolės įstatymas
VIII-1856,Ginkluotos gynybos ir pasipriešinimo agresijai įstatymas
VIII-840,Gyvenamosios vietos deklaravimo įstatymas
IX-1007,Gyventojų pajamų mokesčio įstatymas
I-2237,Gyventojų registro įstatymas
I-1338,Gyventojų turto deklaravimo įstatymas
XIIP-337,Gyvybės prenatalinėje fazėje apsaugos įstatymas
I-384,Gyvulių veislininkystės įstatymas
VIII-500,Gyvūnų gerovės ir apsaugos įstatymas
XIIIP-1130,Grįžimo įstatymas
I-1544,Hipotekos registro įstatymas
VIII-1661,Ignalinos atominės elektrinės eksploatavimo nutraukimo įstatymas
VIII-1031,Ikiteisminio administracinių ginčų nagrinėjimo tvarkos įstatymas
IX-216,Įmonių bankroto įstatymas
IX-575,Įmonių finansinės atskaitomybės įstatymas
IX-576,Įmonių grupių konsoliduotosios finansinės atskaitomybės įstatymas
IX-2387,"Įmonių, priklausančių finansų konglomeratui, papildomos priežiūros įstatymas"
IX-975,Indėlių ir įsipareigojimų investuotojams draudimo įstatymas
X-614,Informacinės visuomenės paslaugų įstatymas
XII-376,Informuotiesiems investuotojams skirtų kolektyvinio investavimo subjektų įstatymas
XIII-3167,Inovacijų skatinimo fondo įstatymas
VIII-1312,Investicijų įstatymas
XIII-1640,Įstatymas dėl amnestijos akto
XIII-1640,įstatymasdėl amnestijos akto
I-621,Išmokų vaikams įstatymas
XI-1503,"Įtariamųjų, kaltinamųjų ir nuteistųjų registro įstatymas"
IX-1871,Jaunimo politikos pagrindų įstatymas
XIIIP-2777,Juridinių asmenų nemokumo įstatymas
VIII-512,Jūros aplinkos apsaugos įstatymas
VIII-1621,Karinės jėgos naudojimo statutas
VIII-1857,Karių materialinės atsakomybės įstatymas
VIII-1191,Kariuomenės drausmės statutas
VIII-1721,Karo padėties įstatymas
VIII-911,Karo policijos įstatymas
I-1593,Karo prievolės įstatymas
I-1591,Kauno laisvosios ekonominės zonos įstatymas
XI-1923,Kėdainių laisvosios ekonominės zonos įstatymas
I-891,Kelių įstatymas
VIII-2032,Kelių priežiūros ir plėtros programos finansavimo įstatymas
I-1628,Kelių transporto kodeksas
XII-1428,Kibernetinio saugumo įstatymas
I-1179,Kilnojamųjų kultūros vertybių apsaugos įstatymas
IX-752,Kino įstatymas
I-1516,Klaipėdos laisvosios ekonominės zonos įstatymas
I-1340,Klaipėdos valstybinio jūrų uosto įstatymas
XI-329,Klimato kaitos valdymo finansinių instrumentų įstatymas
IX-1709,Kolektyvinio investavimo įstatymas
XIII-1125,Komercinių paslapčių teisinės apsaugos įstatymas
I-954,"Kompensacijų nepriklausomybės gynėjams, nukentėjusiems nuo 1991 m. sausio 11-13 d. ir po to vykdytos SSRS agresijos bei jų šeimoms įstatymas"
VIII-792,"Kompensacijų už valstybės išperkamą nekilnojamąjį turtą dydžio, šaltinių, mokėjimo terminų bei tvarkos, taip pat valstybės garantijų ir lengvatų, numatytų Piliečių nuosavybės teisių į išlikusį nekilnojamąjį turtą atkūrimo įstatyme, įstatymas"
I-1510,Koncesijų įstatymas
VIII-1099,Konkurencijos įstatymas
0921010KONSRG922324,Konstitucija
I-67,Konstitucinio Teismo įstatymas
I-509,Konsulinio mokesčio įstatymas
I-886,Konsulinis statutas
IX-1710,Kontroliuojančiųjų investicinių bendrovių įstatymas
I-164,Kooperatinių bendrovių (kooperatyvų) įstatymas
IX-904,Korupcijos prevencijos įstatymas
VIII-723,Krašto apsaugos sistemos organizavimo ir karo tarnybos įstatymas
I-1611,Kraujo donorystės įstatymas
I-796,Kredito unijų įstatymas
XI-2234,Kriminalinės žvalgybos įstatymas
IX-2395,Kultūros centrų įstatymas
X-1260,Kultūros rėmimo fondo įstatymas
I-1151,Kūno kultūros ir sporto įstatymas
X-1261,Kūno kultūros ir sporto rėmimo fondo įstatymas
I-1232,Labdaros ir paramos fondų įstatymas
I-172,Labdaros ir paramos įstatymas
I-2120,Laikinasis vidaus tarnybos įstatymas
I-830,Laikino tiesioginio valdymo savivaldybės teritorijoje įstatymas
I-976,Laisvųjų ekonominių zonų pagrindų įstatymas
VIII-1226,Laukinės augalijos įstatymas
VIII-498,Laukinės gyvūnijos įstatymas
I-678,Lietuvos banko įstatymas
VIII-238,Lietuvos gyventojų genocido ir rezistencijos tyrimo centro įstatymas
XI-2218,Lietuvos kultūros tarybos įstatymas
I-1571,Lietuvos nacionalinio radijo ir televizijos įstatymas
IX-1789,Lietuvos Nepriklausomybės Akto signatarų ir Lietuvos Laisvės Kovos Sąjūdžio Tarybos 1949 m. vasario 16 d. deklaraciją pasirašiusių asmenų statuso įstatymas
VIII-375,Lietuvos šaulių sąjungos įstatymas
IX-1826,Lygių galimybių įstatymas
IX-110,Ligos ir motinystės socialinio draudimo įstatymas
VIII-1749,Lobistinės veiklos įstatymas
IX-326,Loterijų ir lošimų mokesčio įstatymas
IX-1661,Loterijų įstatymas
XIIIP-5022,Lukiškių aikštės Vilniuje memorialinio statuto įstatymas
VIII-1608,Maisto įstatymas
XI-1907,Marijampolės laisvosios ekonominės zonos įstatymas
XI-626,Mažmeninės prekybos įmonių nesąžiningų veiksmų draudimo įstatymas
XI-2159,Mažųjų bendrijų įstatymas
XIIIP-1480,Mecenavimo įstatymas
I-1555,Medicinos praktikos įstatymas
IX-966,Medžioklės įstatymas
IX-2389,Mėgėjų žvejybos įstatymas
I-323,Melioracijos įstatymas
I-1494,Meno kūrėjo ir meno kūrėjų organizacijų statuso įstatymas
I-1452,Metrologijos įstatymas
XIII-1603,Metropoliteno įgyvendinimo įstatymas
I-671,Miškų įstatymas
I-1623,Mobilizacijos ir priimančiosios šalies paramos įstatymas
XI-549,Mokėjimo įstaigų įstatymas
VIII-1370,Mokėjimų įstatymas
IX-1873,"Mokėjimų, atliekamų pagal komercines sutartis, vėlavimo prevencijos įstatymas"
IX-1873,Mokesčio už aplinkos teršimą įstatymas
I-1163,Mokesčio už valstybinius gamtos išteklius įstatymas
IX-2112,Mokesčių administravimo įstatymas
IX-352,Mokesčių už pramoninės nuosavybės objektų registravimą įstatymas
XI-242,Mokslo ir studijų įstatymas
VIII-947,Moterų ir vyrų lygių galimybių įstatymas
XIIIP-4132,Motorinių transporto priemonių pirmos registracijos mokesčio įstatymas
XIII-2690,Motorinių transporto priemonių registracijos mokesčio įstatymas
IX-2183,Muitinės įstatymas
I-930,Muziejų įstatymas
12-01-0968,Nacionalinės kibernetinio saugumo strategijos įgyvendinimas TVP
IX-787,Nacionalinės teismų administracijos įstatymas
IX-1132,Nacionaliniam saugumui užtikrinti svarbių objektų apsaugos įstatymas
VIII-49,Nacionalinio saugumo pagrindų įstatymas
XIII-1257,Nacionalinių plėtros įstaigų įstatymas
IX-986,Naftos produktų ir naftos valstybės atsargų įstatymas
VIII-602,Narkotinių ir psichotropinių medžiagų kontrolės įstatymas
VIII-1207,Narkotinių ir psichotropinių medžiagų pirmtakų (prekursorių) kontrolės įstatymas
XIIIP-4711,Naujojo koronaviruso (COVID-19) sukeltų pasekmių poveikio Lietuvos Respublikos juridinių asmenų nemokumo įstatymo taikymui įstatymas
IX-1904,Nedarbo socialinio draudimo įstatymas
VIII-822,Neformaliojo suaugusiųjų švietimo ir tęstinio mokymosi įstatymas
I-2044,Neįgaliųjų socialinės integracijos įstatymas
I-733,Nekilnojamojo kultūros paveldo apsaugos įstatymas
VIII-1764,Nekilnojamojo turto kadastro įstatymas
X-233,Nekilnojamojo turto mokesčio įstatymas
I-1539,Nekilnojamojo turto registro įstatymas
VIII-1509,Nelaimingų atsitikimų darbe ir profesinių ligų socialinio draudimo įstatymas
IX-938,Nepaprastosios padėties įstatymas
X-1409,Nesąžiningos komercinės veiklos vartotojams draudimo įstatymas
IX-565,Netauriųjų metalų laužo ir atliekų supirkimo įstatymas
XII-717,Nevyriausybinių organizacijų plėtros įstatymas
I-2882,Notariato įstatymas
IX-456,Nuodingųjų medžiagų priežiūros įstatymas
I-1246,Odontologijos praktikos įstatymas
IX-1929,Odontologų rūmų įstatymas
XIII-3068,Organizuoto nusikalstamumo prevencijos įstatymas
I-1562,Pacientų teisių ir žalos sveikatai atlyginimo įstatymas
XII-2608,Pagalbinio apvaisinimo įstatymas
IX-1016,Pajūrio juostos įstatymas
IX-517,Pakuočių ir pakuočių atliekų tvarkymo įstatymas
XI-1924,Panevėžio laisvosios ekonominės zonos įstatymas
VIII-1212,Papildomo savanoriško pensijų kaupimo įstatymas
XIII-2771,Papildomosios ir alternatyviosios sveikatos priežiūros įstatymas
XII-1215,Paramos būstui įsigyti ar išsinuomoti įstatymas
I-348,Paramos mirties atveju įstatymas
I-693,Pareigūnų ir karių valstybinių pensijų įstatymas
XIIIP-311,"Pareigūnų ir karių valstybinių pensijų, ligos, profesinės reabilitacijos, ligos socialinio draudimo pašalpų ir kompensacijų už ypatingas darbo sąlygas kompensavimo įstatymas"
XI-570,Paslaugų įstatymas
VIII-1610,Pašarų įstatymas
VIII-1141,Pašto įstatymas
XIII-1387,Pataisos pareigūnų veiklos įstatymas
XIII-546,Patentinių patikėtinių įstatymas
I-372,Patentų įstatymas
XIII-1995 priimtas,"Patikimumo deklaracijų juridiniams asmenims, norintiems dalyvauti Šiaurės Atlanto Sutarties Organizacijos konkursuose, išdavimo pagrindų įstatymas"
IX-1239,Paveldimo turto mokesčio įstatymas
IX-675,Pelno mokesčio įstatymas
IX-1691,Pensijų kaupimo įstatymas
IX-1215,Pensijų sistemos reformos įstatymas
IX-729,Pertekliaus mokesčio cukraus sektoriuje įstatymas
VIII-1313,Peticijų įstatymas
VIII-1003,Piliečių įstatymų leidybos iniciatyvos įstatymas
VIII-359,Piliečių nuosavybės teisių į išlikusį nekilnojamąjį turtą atkūrimo įstatymas
XI-1196,Pilietybės įstatymas
IX-1675,Piniginės socialinės paramos nepasiturintiems gyventojams įstatymas
VIII-275,Pinigų plovimo ir teroristų finansavimo prevencijos įstatymas
XIII-328,"Pirkimų, atliekamų vandentvarkos, energetikos, transporto ar pašto paslaugų srities perkančiųjų subjektų, įstatymas"
I-1495,Planuojamos ūkinės veiklos poveikio aplinkai vertinimo įstatymas
XII-336,Pluoštinių kanapių įstatymas
VIII-2048,Policijos įstatymas
VIII-1906,Poligrafo naudojimo įstatymas
IX-2428,Politinių kampanijų finansavimo ir finansavimo kontrolės įstatymas
I-606,Politinių partijų įstatymas
I-1324,Potencialiai pavojingų įrenginių priežiūros įstatymas
XIII-804,Pranešėjų apsaugos įstatymas
I-1513,Prekybinės laivybos įstatymas
I-1093,"Prekybos, pramonės ir amatų rūmų įstatymas"
VIII-1981,Prekių ženklų įstatymas
I-56,Prezidento įstatymas
I-28,Prezidento rinkimų įstatymas
X-980,Prezidento valstybinės rentos įstatymas
IX-751,Pridėtinės vertės mokesčio įstatymas
IX-1225,Priešgaisrinės saugos įstatymas
XIIIP-938,"Principinės kariuomenės struktūros 2018 metais, planuojamos principinės kariuomenės struktūros 2023 metais nustatymo, krašto apsaugos sistemos karių, statutinių valstybės tarnautojų ir Lietuvos kariuomenės darbuotojų, dirbančių pagal darbo sutartis, ribinio skaičiaus 2018 ir 2023 metais patvirtinimo įstatymas"
XIIIP-2064,"Principinės kariuomenės struktūros 2019 metais, planuojamos principinės kariuomenės struktūros 2024 metais nustatymo, karių, civilinę krašto apsaugos tarnybą atliekančių statutinių valstybės tarnautojų ir kariuomenės darbuotojų, dirbančių pagal darbo sutartis ir gaunančių darbo užmokestį iš valstybės biudžeto ir valstybės pinigų fondų (išskyrus darbuotojus, gaunančius darbo užmokestį iš Europos Sąjungos struktūrinės, kitos Europos Sąjungos finansinės paramos ir tarptautinės finansinės paramos lėšų (išskyrus techninės paramos lėšas), ribinio skaičiaus 2019 m. ir 2024 m. patvirtinimo įstatymas"
XII-1615,Privačios detektyvinės veiklos įstatymas
XI-1860,Probacijos įstatymas
VIII-1206,Produktų saugos įstatymas
VIII-450,Profesinio mokymo įstatymas
X-745,Profesinių pensijų kaupimo įstatymas
IX-2257,Profesionaliojo scenos meno įstatymas
I-599,Prokuratūros įstatymas
I-924,Psichikos sveikatos priežiūros įstatymas
XIIIP-685,Psichologų praktinės veiklos įstatymas
VIII-791,Puslaidininkinių gaminių topografijų teisinės apsaugos įstatymas
VIII-1019,Radiacinės saugos įstatymas
VIII-1190,Radioaktyviųjų atliekų tvarkymo įstatymas
IX-929,Referendumo įstatymas
VIII-1889,Regioninės plėtros įstatymas
X-1478,Reglamentuojamų profesinių kvalifikacijų pripažinimo įstatymas
VIII-1871,Reklamos įstatymas
I-1057,Religinių bendruomenių ir bendrijų įstatymas
IX-1837,Rinkimų į Europos Parlamentą įstatymas
VIII-1725,Rinkliavų įstatymas
VIII-2043,Saugaus eismo automobilių keliais įstatymas
VIII-1897,Saugios laivybos įstatymas
VIII-499,"Saugomų gyvūnų, augalų ir grybų rūšių įstatymas"
I-301,Saugomų teritorijų įstatymas
VIII-730,Savivaldybių administracinės priežiūros įstatymas
IX-1607,Savivaldybių aplinkos apsaugos rėmimo specialiosios programos įstatymas
VIII-385,Savivaldybių biudžetų pajamų nustatymo metodikos įstatymas
XIII-2895,Savivaldybių infrastruktūros plėtros įstatymas
I-532,Savivaldybių tarybų rinkimų įstatymas
VIII-950,Seimo kontrolierių įstatymas
XIIIP-957,"Seimo narių teisių, pareigų ir veiklos garantijų įstatymas"
IX-1165,Seimo nuolatinio atstovo Europos Sąjungoje įstatymas
I-2721,Seimo rinkimų įstatymas
I-399,Seimo statutas
XIIIP-1741(3),Skolų išieškojimo įmonių įstatymas
IX-413,Slaugos praktikos ir akušerijos praktikos įstatymas
VIII-935,Smulkiojo ir vidutinio verslo plėtros įstatymas
X-296,Smurtiniais nusikaltimais padarytos žalos kompensavimo įstatymas
XIII-820,Socialinės paramos išmokų atskaitos rodiklių ir bazinio bausmių ir nuobaudų dydžio nustatymo įstatymas
X-686,Socialinės paramos mokiniams įstatymas
I-549,Socialinio draudimo pensijų įstatymas
XIIIP-3458,Socialinio verslo plėtros įstatymas
XII-2467,Socialinių įmonių įstatymas
X-493,Socialinių paslaugų įstatymas
IX-1934,Sodininkų bendrijų įstatymas
VIII-1649,Specialiųjų tyrimų tarnybos įstatymas
IX-1409,Specialiųjų tyrimų tarnybos statutas
XIII-2166,Specialiųjų žemės naudojimo sąlygų įstatymas
IX-1315,Sprogmenų apyvartos kontrolės įstatymas
XIIIP-3977,Stambios prekybos mokesčio įstatymas
VIII-1618,Standartizacijos įstatymas
I-1240,Statybos įstatymas
I-270,Statistikos įstatymas
XIII-992,Strateginę reikšmę nacionaliniam saugumui turinčių įmonių ir įrenginių bei kitų nacionaliniam saugumui užtikrinti svarbių įmonių įstatymas
XIII-3096,Strateginio valdymo įstatymas
I-1022,Strateginių prekių kontrolės įstatymas
XII-2769,Su nekilnojamuoju turtu susijusio kredito įstatymas
I-1175,Suėmimo vykdymo įstatymas
I-317,Susirinkimų įstatymas
XI-2053,Suskystintų gamtinių dujų terminalo įstatymas
XI-1140,Sutarčių registro įstatymas
XII-2690,Sutelktinio finansavimo įstatymas
I-1343,Sveikatos draudimo įstatymas
I-1367,Sveikatos priežiūros įstaigų įstatymas
I-552,Sveikatos sistemos įstatymas
I-675,Šalpos pensijų įstatymas
XI-681,Šeimynų įstatymas
XIII-1406,Šeimos kortelės įstatymas
XIII-700,Šeimos stiprinimo įstatymas
XI-1909,Šiaulių laisvosios ekonominės zonos įstatymas
IX-1565,Šilumos ūkio įstatymas
X-910,Šventosios valstybinio jūrų uosto įstatymas
I-1489,Švietimo įstatymas
I-1143,"Tabako, tabako gaminių ir su jais susijusių gaminių kontrolės įstatymas"
XIIIP-3891,Tarėjų įstatymas
VIII-1527,Tarnybinio paso įstatymas
XIIP-4745,Tarnybos kalėjimų departamente prie Lietuvos Respublikos teisingumo ministerijos statutas
VIII-1986,Tarnybos Lietuvos Respublikos muitinėje statutas
I-555,"Tarptautinių operacijų, pratybų ir kitų karinio bendradarbiavimo renginių įstatymas"
VIII-822,Tautinio paveldo produktų įstatymas
XIII-1414,Technologijų ir inovacijų įstatymas
X-1771,Teisėjų atlyginimų įstatymas
IX-1011,Teisėjų valstybinių pensijų įstatymas
XI-2220,Teisėkūros pagrindų įstatymas
VIII-1524,Teisės gauti informaciją iš valstybės ir savivaldybių institucijų ir įstaigų įstatymas
IX-1161,Teismo ekspertizės įstatymas
I-480,Teismų įstatymas
XII-2474,Teismų reorganizavimo įstatymas
I-558,Teritorijos administracinių vienetų ir jų ribų įstatymas
XII-459,Teritorijų planavimo ir statybos valstybinės priežiūros įstatymas
I-1120,Teritorijų planavimo įstatymas
IX-1950,Terminų banko įstatymas
XIIIP-1993,Tiekiamų rinkai trąšų įstatymas
XII-2507,Tikslinių kompensacijų įstatymas
VIII-1605,Transporto lengvatų įstatymas
IX-378,Transporto priemonių valdytojų civilinės atsakomybės privalomojo draudimo įstatymas
I-1863,Transporto veiklos pagrindų įstatymas
XIII-1927,Tręšiamųjų produktų įstatymas
IX-2499,Triukšmo valdymo įstatymas
VIII-667,Turizmo įstatymas
XIII-2825,Turto civilinio konfiskavimo įstatymas
VIII-1202,Turto ir verslo vertinimo pagrindų įstatymas
VIII-1159,Ūkininko ūkio įstatymas
IX-1804,Ūkinių bendrijų įstatymas
XII-1907,"Ūkio subjektų, perkančių- parduodančių žalią pieną ir prekiaujančių pieno gaminiais, nesąžiningų veiksmų draudimo įstatymas"
XII-2470,Užimtumo įstatymas
IX-1183,Vadovybės apsaugos įstatymas
X-1238,Vaiko minimalios ir vidutinės priežiūros įstatymas
VIII-1708,Vaiko teisių apsaugos kontrolieriaus įstatymas
I-1234,Vaiko teisių apsaugos pagrindų įstatymas
I-1235,Vaiko teisių apsaugos pagrindų įstatymo įgyvendinimo tvarkos įstatymas
X-987,Vaikų išlaikymo fondo įstatymas
XII-1033,Valiutos keityklos operatorių įstatymas
VIII-480,Valstybei ir savivaldybėms priklausančių akcijų privatizavimo įstatymas
IX-957,Valstybės apdovanojimų įstatymas
VIII-1591,Valstybės garantuojamos teisinės pagalbos įstatymas
VIII-209,Valstybės gynimo tarybos įstatymas
I-130,"Valstybės herbo, kitų herbų ir herbinių ženklų įstatymas"
IX-1541,Valstybės įmonės Ignalinos atominės elektrinės darbuotojų papildomų užimtumo ir socialinių garantijų įstatymas
IX-466,Valstybės įmonės Ignalinos atominės elektrinės eksploatavimo nutraukimo fondo įstatymas
XII-2393 ,Valstybės įmonės Lietuvos oro uostų valdomų oro uostų koncesijos įstatymas
XI-1807,Valstybės informacinių išteklių valdymo įstatymas
I-722,Valstybės ir savivaldybės įmonių įstatymas
XIIIP-1061,"Valstybės ir savivaldybių biudžetinių įstaigų darbuotojų, valstybės politikų, teisėjų, valstybės pareigūnų ir valstybės tarnautojų pareiginės algos (atlyginimo) bazinio dydžio įstatymas"
XIII-198,Valstybės ir savivaldybių įstaigų darbuotojų darbo apmokėjimo įstatymas
VIII-729,"Valstybės ir savivaldybių turto valdymo, naudojimo ir disponavimo juo įstatymas"
VIII-1443,Valstybės ir tarnybos paslapčių įstatymas
I-712,Valstybės iždo įstatymas
I-907,Valstybės kontrolės įstatymas
I-2455,Valstybės paramos daugiabučiams namams atnaujinti (modernizuoti) įstatymas
X-816,Valstybės politikų elgesio kodeksas
VIII-1904,Valstybės politikų ir valstybės pareigūnų darbo apmokėjimo įstatymas
XIII-1713,"Valstybės politikų, teisėjų, valstybės pareigūnų, valstybės tarnautojų bei valstybės ir savivaldybių biudžetinių įstaigų darbuotojų pareiginės algos (atlyginimo) bazinio dydžio, taikomo 2018 metais, įstatymas"
XIIIP-2735,"Valstybės politikų, teisėjų, valstybės pareigūnų, valstybės tarnautojų bei valstybės ir savivaldybių biudžetinių įstaigų darbuotojų pareiginės algos (atlyginimo) bazinio dydžio, taikomo 2019 metais, įstatymas"
XIIIP-3809,"Valstybės politikų, teisėjų, valstybės pareigūnų, valstybės tarnautojų ir valstybės ir savivaldybių biudžetinių įstaigų darbuotojų pareiginės algos (atlyginimo) bazinio dydžio, taikomo 2020 metais, įstatymas"
XIIIP-1061,"Valstybės politikų, teisėjų, valstybės pareigūnų, valstybės tarnautojų, valstybės ir savivaldybių biudžetinių įstaigų darbuotojų pareiginės algos įstatymas"
VIII-1908,Valstybės rezervo įstatymas
VIII-1996,Valstybės sienos apsaugos tarnybos įstatymas
VIII-1666,Valstybės sienos ir jos apsaugos įstatymas
I-1508,Valstybės skolos įstatymas
VIII-1316,Valstybės tarnybos įstatymas
VIII-546,Valstybės turto perdavimo savivaldybių nuosavybėn įstatymas
I-1497,Valstybės vėliavos ir kitų vėliavų įstatymas
IX-1768,Valstybinės darbo inspekcijos Įstatymas
I-779,Valstybinės kalbos įstatymas
IX-2453,Valstybinės kultūros paveldo komisijos įstatymas
I-108,Valstybinės lietuvių kalbos komisijos įstatymas
I-696,Valstybinio socialinio aprūpinimo sistemos pagrindų įstatymas
XIIP-4798(3),Valstybinio socialinio draudimo fondo biudžeto 2017 metų rodiklių patvirtinimo įstatymas
XIIIP-1218,Valstybinio socialinio draudimo fondo biudžeto 2018 metų rodiklių patvirtinimo įstatymas
XIIIP-2719,Valstybinio socialinio draudimo fondo biudžeto 2019 metų rodiklių patvirtinimo įstatymas
XIIIP-4038(3),Valstybinio socialinio draudimo fondo biudžeto 2020 metų rodiklių patvirtinimo įstatymas
IX-547,Valstybinio socialinio draudimo fondo biudžeto sandaros įstatymas
I-1336,Valstybinio socialinio draudimo įstatymas
I-730,Valstybinių pensijų įstatymas
XII-1923,"Valstybinių socialinio draudimo senatvės pensijų ir valstybinių pensijų, sumažintų dėl draudžiamųjų pajamų turėjimo, kompensavimo įstatymas"
VIII-474,Vandens įstatymas
XIIIP-535,Vardų ir pavardžių rašymo asmens dokumentuose įstatymas
XI-1253,Vartojimo kredito įstatymas
I-657,Vartotojų teisių apsaugos įstatymas
X-1023,Vertybinių popierių įstatymas
I-2110,Veterinarijos įstatymas
IX-1253,Vidaus kontrolės ir vidaus audito įstatymas
IX-1538,Vidaus tarnybos statutas
I-1534,Vidaus vandenų transporto kodeksas
XIII-2886,Vienkartinės išmokos socialinio draudimo pensijų ir šalpos išmokų gavėjams įstatymas
XIIIP-4870,"Vienkartinės išmokos vaikams, skirtos COVID-19 (koronaviruso infekcijos) pandemijos sukeltiems padariniams mažinti, įstatymas"
VIII-1234,Viešojo administravimo įstatymas
X-813,Viešojo saugumo tarnybos įstatymas
X-1212,Viešojo sektoriaus atskaitomybės įstatymas
XIIIP-4483,Viešojo sektoriaus darbuotojų registro įstatymas
VIII-371,Viešųjų ir privačių interesų derinimo valstybinėje tarnyboje įstatymas
I-1428,Viešųjų įstaigų įstatymas
XI-1491,Viešųjų pirkimų įstatymas
XIII-1774,Vietos bendruomeninių organizacijų plėtros įstatymas
I-533,Vietos savivaldos įstatymas
I-464,Vyriausybės įstatymas
IX-985,Vyriausiosios rinkimų komisijos įstatymas
X-1666,Vyriausiosios tarnybinės etikos komisijos įstatymas
I-1418,Visuomenės informavimo įstatymas
IX-886,Visuomenės sveikatos priežiūros įstatymas
VIII-366,Žalos atlyginimo nelaimingų atsitikimų darbe ar susirgimų profesine liga laikinojo įstatymas
IX-895,"Žalos, atsiradusios valdžios institucijų neteisėtų veiksmų, atlyginimo ir atstovavimo valstybei įstatymas"
IX-895,"Žalos, atsiradusios dėl valdžios institucijų neteisėtų veiksmų, atlyginimo ir atstovavimo valstybei įstatymas"
X-1241,Želdynų įstatymas
I-1034,Žemės gelmių įstatymas
I-446,Žemės įstatymas
I-2675,Žemės mokesčio įstatymas
XI-1307,Žemės paėmimo visuomenės poreikiams įgyvendinant ypatingos valstybinės svarbos projektus įstatymas
I-1607,Žemės reformos įstatymas
I-61,Žemės sklypų perleidimo ir nuomos užsienio valstybių diplomatinėms atstovybėms ir konsulinėms įstaigoms tvarkos bei sąlygų įstatymas
I-1222,Žemės ūkio bendrovių įstatymas
XI-2411,Žemės ūkio ir miškininkystės paslaugų teikimo pagal paslaugų kvitą įstatymas
IX-1314,Žemės ūkio paskirties žemės įsigijimo įstatymas
XII-854,Žemės ūkio paskirties žemės įsigijimo laikinasis įstatymas
IX-987,"Žemės ūkio, maisto ūkio ir kaimo plėtros įstatymas"
I-1626,"Žmogaus audinių, ląstelių, organų donorystės ir transplantacijos įstatymas"
VIII-157,Žmogaus mirties nustatymo ir kritinių būklių įstatymas
X-1404,Žmonių palaikų laidojimo įstatymas
I-1553,Žmonių užkrečiamųjų ligų profilaktikos ir kontrolės įstatymas
VIII-1756,Žuvininkystės įstatymas
VIII-1861,Žvalgybos įstatymas