ID,num,,,
Adas Jakubauskas,1,,,
Adelė Štelmokienė,0,,,
Adolfas Jasinevičius,0,,,
Adolfas Žvingilas,0,,,
Adomas Gulbinas,0,,,
Adomas Letulis,0,,,
Adomas Semeška,0,,,
Adrianas Mečkovskis,10,,,
Agnė Bagočiutė,6,,,
Agnė Brandišauskienė,0,,,
Agnė Goldbergaitė,0,,,
Agnė Grigaitė,7,,,
Agnė Januševska,0,,,
Agnė Katkutė,2,,,
Agnė Kazlauskaitė,2,,,
Agnė Kazlauskienė,12,,,
Agnė Kniežaitė-Gogmanė,1,,,
Agnė Perednė,0,,,
Agnė Prušinskaitė,0,,,
Agnė Razmislavičiūtė-Palionienė,4,,,
Agnė Silickienė,0,,,
Agneta Skardžiuvienė,0,,,
Agnietė Pukaitė,0,,,
Aidas Aldakauskas,8,,,
Aidas Juozapaitis,1,,,
Aidas Molis,1,,,
Aidas Valys,0,,,
Ainė Markevičiūtė,0,,,
Airė Mockevičienė,0,,,
Aistė Gedvilienė,0,,,
Aistė Stakėnienė,4,,,
Aistė Zedelytė-Kaminskė,3,,,
Aistė Žilinskienė,5,,,
Aistis Radavičius,12,,,
Aistis Rusteika,0,,,
Aivaras Žilvinskas,0,,,
Aivydas Keršulis,0,,,
Akvilė Kaminskaitė,0,,,
Akvilė Matulytė,0,,,
Akvilė Dovydaitytė,8,,,
Akvilė Kalantaitė,6,,,
Albertas Lakštauskas,0,,,
Albertas Sinevičius,0,,,
Albertas Turonis,1,,,
Albertas Vitartas,0,,,
Albertas Žalys,0,,,
Albina Auksoriūtė,0,,,
Albina Radzevičiūtė,14,,,
Albinas Kentra,0,,,
Albinas Klimas,0,,,
Albinas Kučys,0,,,
Albinas Morkūnas,0,,,
Albinas Tebėra,0,,,
Albinas Trota,0,,,
Aldona Danutė Gibaitė-Kudžmienė,0,,,
Aldona Violeta Grinienė,0,,,
Aleksandr Barinov,0,,,
Aleksandr Stoliarov,0,,,
Aleksandra Minajeva,1,,,
Aleksandra Paradauskaitė,0,,,
Aleksandra Prokopjeva,1,,,
Aleksandra Simonova,0,,,
Aleksandras Muzikevičius,0,,,
Aleksandras Rubinovas,0,,,
Aleksandras Stupenko,6,,,
Aleksandras Tiaškevičius,3,,,
Aleksej Levitan,0,,,
Aleksej Persijanov,0,,,
Alfonsas Daniūnas,1,,,
Algė Staniūnaitė-Tonkich,30,,,
Algimantas Mineikis,0,,,
Algimantas Misiūnas,0,,,
Algimantas Akstinas,1,,,
Algimantas Degutis,0,,,
Algimantas Jablonskas,0,,,
Algimantas Juozas Kundrotas,0,,,
Algimantas Kaziliūnas,0,,,
Algimantas Petronis,1,,,
Algimantas Remeika,0,,,
Algimantė Treinienė,3,,,
Algiras Cegelis,0,,,
Algirdas Kulikauskas,0,,,
Algirdas Adomas Stankevičius,3,,,
Algirdas Kazinavičius,0,,,
Algirdas Kęstutis Rimkus,2,,,
Algirdas Klimavičius,74,,,
Algirdas Makauskas,0,,,
Algirdas Petrusevičius,0,,,
Algirdas Raslanas,1,,,
Algirdas Sereika,9,,,
Algirdas Utkus,0,,,
Algis Vaičeliūnas,0,,,
Algis Balaženčius,0,,,
Algis Baravykas,29,,,
Algis Bekeris,0,,,
Algis Čaplikas,1,,,
Algis Gaižutis,46,,,
Algis Klimaitis,0,,,
Algis Krupavičius,0,,,
Algis Petrovičius,0,,,
Algis Urbonas,0,,,
Alicija Batkovskaja,0,,,
Alina Adomaitytė,1,,,
Alina Jakavonienė,17,,,
Almantas Kranauskas,2,,,
Almantas Laučius,0,,,
Aloyzas Mackevičius,0,,,
Aloyzas Stapulionis,13,,,
Alvita Armanavičienė,0,,,
Alvyda Eigminienė,0,,,
Alvydas Aleksandravičius,0,,,
Alvydas Sabūnas,0,,,
Alvydas Sakavičius,13,,,
Amelia Katrina Sestilo,0,,,
Ana Masiul,0,,,
Ana Selčinskienė,4,,,
Ana Stankaitienė,0,,,
Ana Valiukevič,0,,,
Anastasija Marija Žakaitė,0,,,
Anastasija Skunčikaitė,0,,,
Anastazija Peciukonė,3,,,
Andrea Borin,0,,,
Andrej Brosel,0,,,
Andrej Kirovskij,0,,,
Andrej Putčenko,0,,,
Andrejus Anisimenko,0,,,
Andrejus Gaidamavičius,0,,,
Andriejus Bielinskis,0,,,
Andrius Karaliūnas,6,,,
Andrius Baronėnas,0,,,
Andrius Burlėga,19,,,
Andrius Dobranskis,0,,,
Andrius Dubinas,0,,,
Andrius Grikienis,0,,,
Andrius Iškauskas,1,,,
Andrius Kalindra,0,,,
Andrius Laskauskas,0,,,
Andrius Navickas,12,,,
Andrius Nikitinas,2,,,
Andrius Puksas,1,,,
Andrius Romanovskis,43,,,
Andrius Šaparnis,2,,,
Andrius Šniuolis,27,,,
Andrius Stasiukynas,0,,,
Andrius Tomaševičius,0,,,
Andrius Tučkus,0,,,
Andrius Utka,0,,,
Andrius Valickas,14,,,
Andrius Vancevičius,0,,,
Andrius Vyšniauskas,0,,,
Andrius Zalitis,1,,,
Andrius Žukauskas,0,,,
Andžejus Roginskis,12,,,
Angelė Plančiūnaitė,0,,,
Angelė Jakavonytė,0,,,
Anicetas Varnas,0,,,
Annamaria Cantore,0,,,
Antanas Matusa,9,,,
Antanas Buračas,0,,,
Antanas Burokas,0,,,
Antanas Dimaitis,0,,,
Antanas Karalukas,0,,,
Antanas Kliunka,0,,,
Antanas Kulakauskas,0,,,
Antanas Maziliauskas,3,,,
Antanas Montvydas,3,,,
Antanas Navakauskas,0,,,
Antanas Šenavičius,4,,,
Antanas Visockis,0,,,
Antanina Dabužinskienė,0,,,
Anton Aleksandrovič,0,,,
Antoni Mikulskis,21,,,
Anžela Kavaliauskienė,0,,,
Anželika Oraitė,2,,,
Areta Miškinienė,10,,,
Arimantas Račkauskas,0,,,
Armandas Kaminskis,0,,,
Arminas Varanauskas,13,,,
Arminas Mockevičius,5,,,
Armindas Varkala,10,,,
Arnas Juška,0,,,
Arnas Marcinkus,38,,,
Arnas Neverauskas,6,,,
Arnoldas Kulikauskis,0,,,
Arnoldas Pranckevičius,0,,,
Arnoldas Puzanovas,0,,,
Arnoldas Vilčinskas,0,,,
Artūras Mickevičius,0,,,
Artūras Čalutka,0,,,
Artūras Grebliauskas,0,,,
Arturas Mališauskas,0,,,
Artūras Mažrimas,0,,,
Artūras Poviliūnas,0,,,
Artūras Rudomanskis,1,,,
Artūras Žukauskas,2,,,
Artūras Antanas Skučas,0,,,
Artūras Dembskis,1,,,
Arturas Juškauskas,0,,,
Artūras Kriūkas,0,,,
Artūras Kungys,34,,,
Arturas Nastaravičius,19,,,
Artūras Norkevičius,2,,,
Artūras Razbadauskas,0,,,
Artūras Remeikis,4,,,
Artūras Ugenskas,0,,,
Arūnas Bubnys,1,,,
Arūnas Eigirdas,0,,,
Arūnas Jankauskas,0,,,
Arūnas Adomėnas,3,,,
Arūnas Armalis,0,,,
Arūnas Barbšys,5,,,
Arūnas Čepelė,7,,,
Arūnas Cijūnaitis,21,,,
Arūnas Gražulis,0,,,
Arūnas Paulauskas,0,,,
Arūnas Siniauskas,0,,,
Arūnas Štaras,0,,,
Arūnas Svitojus,9,,,
Arūnas Trakimavičius,0,,,
Arvydas Gadrilavičius,0,,,
Arvydas Gudelis,0,,,
Arvydas Juozaitis,0,,,
Arvydas Kregždė,0,,,
Arvydas Sekmokas,0,,,
Arvydas Vaitkus,0,,,
Asta Junevičienė,0,,,
Asta Aranauskienė,30,,,
Asta Beierle Eigirdienė,5,,,
Asta Godienė,7,,,
Asta Godlevska,0,,,
Asta Kandratavičienė,0,,,
Asta Kuniyoshi,13,,,
Asta Marija Baškauskas,0,,,
Asta Meškėnaitė,0,,,
Asta Navickienė,0,,,
Asta Pesliokienė,0,,,
Asta Radikaitė,0,,,
Asta Riukienė,0,,,
Asta Skaisgirytė,0,,,
Asta Zelo,4,,,
Asta Zlatkienė,5,,,
Astrida Miceikienė,0,,,
Audra Mikalauskaitė,0,,,
Audris Narbutas,0,,,
Audrius Daunoravičius,0,,,
Audrius Girončikas,0,,,
Audrius Jurgelevičius,11,,,
Audrius Klimas,1,,,
Audrius Linartas,1,,,
Audrius Misevičius,46,,,
Audrius Penkauskas,0,,,
Audrius Ščeponavičius,26,,,
Audrius Siaurusevičius,0,,,
Audrius Skaistys,0,,,
Audrius Stankevičius,0,,,
Audrius Valeika,21,,,
Audrius Želionis,30,,,
Audronė Juodaitė-Račkauskienė,0,,,
Audronė Astrauskienė,19,,,
Audronė Bedorf,2,,,
Audronė Margenytė-Cazan,0,,,
Audronė Miknevičienė,23,,,
Audronė Misiūnaitė,20,,,
Audronė Pavlovičienė,0,,,
Audronė Railaitė,19,,,
Audronė Vaitkevičiūtė,1,,,
Audronė Vareikytė,122,,,
Audronius Imbrasas,0,,,
Audronius Pautienius,0,,,
Audrys Antanaitis,6,,,
Augustas Muliarčikas,27,,,
Augustas Ručinskas,21,,,
Augustinas Vaitiekus,0,,,
Augustinas Gudelis,0,,,
Augustinas Normantas,6,,,
Auksė Kontrimienė,0,,,
Aurelija Bajoraitienė,4,,,
Aurelija Biluvienė,0,,,
Aurelija Brukštutė,14,,,
Aurelija Katkuvienė,0,,,
Aurelija Kriščiūnaitė,60,,,
Aurelija Lankelienė,0,,,
Aurelija Ložytė,0,,,
Aurelija Olendraitė,12,,,
Aurelija Urbonienė,6,,,
Aurimas Navys,0,,,
Aurimas Miškinis,20,,,
Aurimas Nausėda,0,,,
Aušra Solcevienė,0,,,
Aušra Aleksienė,0,,,
Aušra Balsytė,0,,,
Aušra Gratulevičienė,103,,,
Aušra Grikevičienė,6,,,
Aušra Kalantaitė,56,,,
Aušra Vičkačkienė,80,,,
Aušrina Genienė,45,,,
Aušrinė Asanavičienė,0,,,
Aušrys Macijauskas,9,,,
Ąžuolas Raškevičius,0,,,
Barbara Dvilevič,0,,,
Barbara Stankevič,0,,,
Beata Valungevičienė,0,,,
Beata Vilimaitė Šilobritienė,1,,,
Beatryčė Vankevičiūtė,0,,,
Bertas Venckaitis,0,,,
Birutė Balynienė,0,,,
Birutė Giler,0,,,
Birutė Noreikaitė,0,,,
Birutė Strakšytė,0,,,
Boris Protopopov,0,,,
Brigita Mikolajūnaitė,0,,,
Brigita Šidlauskaitė-Riazanova,0,,,
Brigita Stankevičiūtė,0,,,
Bronius Antanas Rasimas,0,,,
Bronius Bučelis,6,,,
Česlav Davidovič,0,,,
Česlavas Zenkevičius,0,,,
Česlovas Jezerskas,0,,,
Daina Gudzinevičiūtė,2,,,
Daina Urbonaitienė,47,,,
Dainius Jankauskas,0,,,
Dainius Žaržojus,0,,,
Dainius Bražiūnas,13,,,
Dainius Čergelis,23,,,
Dainius Haroldas Pauža,1,,,
Dainius Kaunas,5,,,
Dainius Pavalkis,0,,,
Dainius Radzevičius,5,,,
Dainius Žilinskas,16,,,
Dainius Žvirdauskas,0,,,
Dainora Bernackienė,41,,,
Daiva Rutkūnienė,0,,,
Daiva Aliūkaitė,0,,,
Daiva Bakutienė,2,,,
Daiva Buivydaitė-Garbštienė,14,,,
Daiva Daugirdienė,0,,,
Daiva Jurelevičienė,0,,,
Daiva Kamarauskienė,32,,,
Daiva Kirkilaitė-Chetcuti,0,,,
Daiva Nazarovienė,0,,,
Daiva Petrylaitė,3,,,
Daiva Pitrėnaitė,0,,,
Daiva Puplauskienė,0,,,
Daiva Rastenytė,0,,,
Daiva Raudonienė,2,,,
Daiva Sakalauskienė,0,,,
Daiva Vaišnienė,3,,,
Daiva Zabarauskienė,11,,,
Daiva Žaromskienė,4,,,
Daiva Žaromskytė-Rastenė,0,,,
Daivaras Bagackas,0,,,
Daivutė Jokšienė,4,,,
Dalė Remeikienė,0,,,
Dalė Steponavičienė,0,,,
Dalia Ambrozaitienė,0,,,
Dalia Asanavičiūtė,1,,,
Dalia Bufaitė,0,,,
Dalia Cibulskienė,0,,,
Dalia Henke,1,,,
Dalia Janeliauskienė,2,,,
Dalia Kavoliūnienė,1,,,
Dalia Kutraitė-Giedraitienė,0,,,
Dalia Masaitienė,58,,,
Dalia Matukienė,0,,,
Dalia Mikalauskaitė,1,,,
Dalia Narkūnienė,0,,,
Dalia Ramoškienė,0,,,
Dalia Tarailienė,0,,,
Dalia Truskaitė,0,,,
Dalia Urbanavičienė,41,,,
Dalia Židonytė,2,,,
Dalius Čeponas,18,,,
Dalius Kabašinskas,0,,,
Dalius Krinickas,50,,,
Dalius Matkevičius,0,,,
Dalius Misiūnas,0,,,
Dalius Serafinas,0,,,
Danas Vaikasas,0,,,
Dangira Grakauskienė,0,,,
Danguolė Jakštienė,13,,,
Danguolė Krištopavičienė,68,,,
Danguolė Milkevičiūtė,0,,,
Danguolė Misiūnienė,0,,,
Danguolė Morkūnienė,1,,,
Danguolė Sabaliauskienė,0,,,
Danguolė Sužiedelytė,0,,,
Dangyras Žukauskas,21,,,
Danielis Krinickis,0,,,
Danielius Kuprys,1,,,
Danielius Degėsys,0,,,
Danielius Krinickas,0,,,
Danukas Arlauskas,0,,,
Danutė Bačinskienė,0,,,
Danutė Budreikaitė,2,,,
Danutė Dalia Kunickienė,0,,,
Danutė Kazlauskaitė,0,,,
Danutė Kontrimavičienė,0,,,
Danutė Petrauskienė,33,,,
Danutė Voicechovska,0,,,
Darijus Beinoravičius,0,,,
Darius Trečiakauskas,0,,,
Darius Biekša,8,,,
Darius Blaževičius,0,,,
Darius Chmieliauskas,0,,,
Darius Degutis,1,,,
Darius Domarkas,12,,,
Darius Gaižauskas,0,,,
Darius Kazlauskas,0,,,
Darius Kuliešius,39,,,
Darius Kuolys,0,,,
Darius Mačeika,0,,,
Darius Maikštėnas,0,,,
Darius Matusevičius,3,,,
Darius Mickevičius,7,,,
Darius Milašius,0,,,
Darius Pauliukonis,20,,,
Darius Pikūnas,0,,,
Darius Remeika,21,,,
Darius Šimaitis,0,,,
Darius Staliūnas,0,,,
Darius Staniulis,0,,,
Darius Stravinskas,1,,,
Darius Trakelis,0,,,
Darius Urbonas,54,,,
Darius Vasaris,16,,,
Darius Vedrickas,1,,,
Darius Vilimas,0,,,
Darius Žilys,17,,,
Daumantas Kerežius,0,,,
Deimantė Malikėnaitė,0,,,
Deimantė Petkevičiūtė,0,,,
Deividas Kriaučiūnas,0,,,
Deividas Linkevičius,0,,,
Deividas Velkas,23,,,
Deivydas Rimkevičius,5,,,
Diana Mickevičienė,1,,,
Diana Smaliukaitė,0,,,
Diana Varnaitė,0,,,
Diana Vilytė,71,,,
Dina Lurje,0,,,
Dmitrij Omelkov,0,,,
Dmitrijus Bialas,0,,,
Dmitrijus Zadojenko,4,,,
Dobilas Sinkevičius,2,,,
Domantas Kascėnas,0,,,
Domantas Katelė,1,,,
Domantas Tracevičius,5,,,
Domas Kaunas,0,,,
Donaldas Vasiliauskas,0,,,
Donata Matulevičienė,0,,,
Donatas Butkus,0,,,
Donatas Daubaras,0,,,
Donatas Dudutis,9,,,
Donatas Jasas,17,,,
Donatas Kušlys,0,,,
Donatas Laurinavičius,0,,,
Dovilė Almanytė,3,,,
Dovilė Kapačinskaitė,1,,,
Dovilė Montvilaitė,0,,,
Dovilė Šacikauskė,26,,,
Džestina Uždavinytė,0,,,
Džiugas Anuškevičius,0,,,
Džiugas Skurvydas,0,,,
Edis Urbanavičius,0,,,
Edita Bishop,6,,,
Edita Galiauskaitė,2,,,
Edita Janulevičiūtė,0,,,
Edita Janušienė,4,,,
Edita Karčiauskienė,0,,,
Edita Laurinavičienė,0,,,
Edita Meškauskienė,1,,,
Edita Palionytė,0,,,
Edmundas Jankūnas,0,,,
Edmundas Kiškis,3,,,
Edmundas Niparavičius,9,,,
Edmundas Sakalauskas,6,,,
Edmundas Smilga,0,,,
Edmundas Vaitekūnas,4,,,
Eduardas Jermolajevas,0,,,
Eduardas Pabarčius,0,,,
Edvardas Jurjonas,0,,,
Edvardas Makelis,0,,,
Edvardas Šileris,0,,,
Edvardas Žukauskas,0,,,
Egidija Konopliova-Budrikienė,3,,,
Egidijus Norkus,0,,,
Egidijus Sakalauskas,0,,,
Egidijus Varnas,0,,,
Egidijus Anulis,2,,,
Egidijus Bičkauskas,0,,,
Egidijus Gaidamavičius,0,,,
Egidijus Gailiūnas,0,,,
Egidijus Jurgelionis,0,,,
Egidijus Liudvinskas,0,,,
Egidijus Meilus,1,,,
Egidijus Papečkys,0,,,
Egidijus Purlys,26,,,
Egidijus Skrodenis,4,,,
Egidijus Verenius,18,,,
Egidijus Vilimas,0,,,
Egidijus Viskontas,1,,,
Eglė Bagdžiūnaitė,0,,,
Eglė Mirončikienė,0,,,
Eglė Bajorinienė,3,,,
Eglė Čaplikienė,39,,,
Eglė Gasiūnaitė,35,,,
Eglė Ivanauskaitė,2,,,
Eglė Kuklierienė,0,,,
Eglė Maziliauskienė,4,,,
Eglė Merkininkienė,8,,,
Eglė Navickaitė,0,,,
Eglė Neciunskienė,16,,,
Eglė Radišauskienė,85,,,
Eglė Radzevičienė,9,,,
Eglė Samoškaitė,0,,,
Eglė Stasiškienė,0,,,
Eglė Tamošiūnienė,0,,,
Eglė Vyšniauskaitė,3,,,
Eigirdas Sarkanas,15,,,
Eimantas Peičius,0,,,
Eivilė Žemaitytė,65,,,
Eldaras Puodžiūnas,0,,,
Elegijus Paulavičius,0,,,
Elena Auglienė,3,,,
Elena Golcienė,0,,,
Elena Masnevaitė,0,,,
Elena Mickevičienė,2,,,
Elena Narkevičiūtė,0,,,
Elena Pelakauskienė,4,,,
Elena Romanchik,0,,,
Elena Urbonienė,0,,,
Elia Daukševič,0,,,
Elijus Čivilis,10,,,
Elona Judickienė,0,,,
Elona Kazakevičienė,0,,,
Elonas Šatas,3,,,
Elvyda Lazauskaitė,0,,,
Elvyra Radavičienė,0,,,
Elžbieta Žurovska-Puodžiūnienė,0,,,
Emilija Alma Sakadolskis,0,,,
Emilija Banevičiūtė,0,,,
Emilija Jasaitienė,44,,,
Emilija Kilinskaitė,0,,,
Emilija Musteikytė,1,,,
Emilija Puidokaitė,0,,,
Emilija Valkauskaitė,0,,,
Emilis Ruželė,1,,,
Erika Varnienė,0,,,
Erika Baušytė,0,,,
Erika Latyšovič,7,,,
Erika Šutaitė,0,,,
Erika Tauraitė-Kava,4,,,
Erikas Bėrontas,0,,,
Erminas Ambrasas,0,,,
Ernesta Buckienė,0,,,
Ernesta Šneideraitytė,0,,,
Etela Karpickienė,0,,,
Eugenija Vagnerienė,0,,,
Eugenijus Bulavas,0,,,
Eugenijus Butkus,4,,,
Eugenijus Čerškus,0,,,
Eugenijus Jesinas,6,,,
Eugenijus Skrupskelis,0,,,
Eugenijus Šuliokas,2,,,
Eugenijus Valatka,2,,,
Evaldas Bacevičius,0,,,
Evaldas Čepulis,0,,,
Evaldas Damanauskas,0,,,
Evaldas Gustas,0,,,
Evaldas Marozas,0,,,
Evaldas Milkintis,0,,,
Evaldas Putrimas,11,,,
Evaldas Stankevičius,0,,,
Evaldas Valeiša,0,,,
Evelina Butkutė-Lazdauskienė,0,,,
Evelina Gudzinskaitė,30,,,
Evelina Karalevičienė,3,,,
Evelina Kueiros Casais,0,,,
Evelina Matulaitienė,12,,,
Evita Ieva Fedaravičiūtė,0,,,
Faina Kukliansky,1,,,
Fausta Roznytė,0,,,
Feliksas Jankevičius,0,,,
Feliksas Petrauskas,2,,,
Gabija Chromcovaitė,0,,,
Gabija Luneckaitė,0,,,
Gabriela Kuštan,4,,,
Gabrielė Andrašiūnienė,27,,,
Gabrielė Černiauskaitė,0,,,
Gabrielė Stankūnaitė,0,,,
Gabrielė Vasiliauskaitė,0,,,
Gabrielė Vorobjovienė,2,,,
Gabrielė Žaidytė,0,,,
Gaila Matulytė,0,,,
Galina Bielinienė,0,,,
Gari Škoropad,0,,,
Gasparas Genzbigelis,0,,,
Gediminas Karalius,1,,,
Gediminas Česonis,1,,,
Gediminas Imbrasas,0,,,
Gediminas Juškevičius,0,,,
Gediminas Lapukas,4,,,
Gediminas Miškinis,1,,,
Gediminas Rutkauskas,0,,,
Gediminas Šiukštas,0,,,
Gediminas Švetkauskas,75,,,
Gediminas Vaičionis,36,,,
Gediminas Vaitkevičius,0,,,
Gema Želudkova,0,,,
Genė Vaškevičienė,0,,,
Genovaitė Palevičienė,0,,,
Germanas Politika,2,,,
Giedrė Kmitienė,0,,,
Giedrė Kuodytė-Mirkienė,0,,,
Giedrė Lastauskienė,1,,,
Giedrė Pupšytė,5,,,
Giedrė Ričkutė,5,,,
Giedrė Sankauskaitė,0,,,
Giedrė Skerniškienė,8,,,
Giedrė Stalauskienė,38,,,
Giedrė Statkevičiūtė,16,,,
Giedrė Švedienė,2,,,
Giedrė Truskauskienė,0,,,
Giedrė Vinikienė,0,,,
Giedrius Drukteinis,0,,,
Giedrius Krasauskas,2,,,
Giedrius Ladukas,0,,,
Giedrius Lingis,8,,,
Giedrius Mozūraitis,3,,,
Giedrius Sakalauskas,0,,,
Giedrius Viliūnas,5,,,
Ginas Dabašinskas,0,,,
Gintaras Adžgauskas,2,,,
Gintaras Džiovėnas,4,,,
Gintaras Goda,3,,,
Gintaras Kacevičius,17,,,
Gintaras Šidlauskas,3,,,
Gintaras Vilda,22,,,
Gintaras Žandaravičius,1,,,
Gintarė Geimanaitė,0,,,
Gintarė Gulbinė,0,,,
Gintarė Ivanauskaitė,8,,,
Gintarė Jakubonienė,0,,,
Gintarė Klovienė,5,,,
Gintarė Martikonytė,0,,,
Gintarė Šakalytė,8,,,
Gintarė Taluntytė,5,,,
Gintarė Valiūnaitė,0,,,
Gintaris Petrėnas,0,,,
Gintas Jasiulionis,1,,,
Gintas Umbrasas,0,,,
Gintas Vilkelis,0,,,
Gintautas Guobužas,0,,,
Gintautas Zenkevičius,0,,,
Gintautas Alekna,0,,,
Gintautas Astrauskas,0,,,
Gintautas Kvietkauskas,0,,,
Gintautas Marcinkevičius,0,,,
Gintautas Mežetis,0,,,
Gintautas Paluckas,0,,,
Gintautas Sodaitis,0,,,
Gintautas Vilkelis,0,,,
Gintautas Zinkevičius,0,,,
Gintarė Krušnienė,0,,,
Gintautė Žemaitytė,7,,,
Gintvilė Bagdonavičiūtė,0,,,
Gita Krukienė,15,,,
Gitana Aukštuolienė,2,,,
Gitana Juodagalvienė,0,,,
Gitana Matiekuvienė,1,,,
Goda Aleksaitė,3,,,
Goda Keso,15,,,
Gražina Kadžytė,0,,,
Gražina Lapėnienė,0,,,
Gražina Belian,55,,,
Gražina Bobelienė,15,,,
Gražina Gruzdienė,10,,,
Gražina Lapėnienė,0,,,
Gražina Ramanauskaitė-Tiumenevienė,4,,,
Gražina Sermontė,0,,,
Gražina Tarvydienė,1,,,
Gražina Vickutė,1,,,
Gražvydas Jakubauskas,1,,,
Greta Aukštakytė,0,,,
Greta Monika Tučkutė,74,,,
Greta Radiul,0,,,
Greta Šukytė,0,,,
Greta Zaburaitė,0,,,
Gvidas Karkauskas,0,,,
Gvidas Rutkauskas,0,,,
Gytis Andriulionis,18,,,
Gytis Gaurilčikas,0,,,
Gytis Kaminskas,1,,,
Gytis Mažeika,5,,,
Gytis Oganauskas,7,,,
Henrika Varnienė,58,,,
Henrikas Antanaitis,0,,,
Henrikas Narščius,0,,,
Henrikas Šiaudinis,0,,,
Ieva Čirūnaitė,0,,,
Ieva Dirmaitė,0,,,
Ieva Greičiūtė-Kuprijanov,0,,,
Ieva Klimašauskė,0,,,
Ieva Macijauskytė,4,,,
Ieva Mantė Valivonytė,0,,,
Ieva Urbietytė,0,,,
Ignas Baltakis,0,,,
Ignas Kasparas,0,,,
Ignas Rubikas,4,,,
Ignas Rusilas,0,,,
Ignas Vėgėlė,21,,,
Ignė Ožekauskaitė,0,,,
Igor Goriačko,0,,,
Igor Golubajev,6,,,
Igor Muller,0,,,
Igoris Baikovskis,0,,,
Igoris Liubinskis,0,,,
Igoris Vasiliauskas,0,,,
Ilona Pileckienė,0,,,
Ilona Večkienė,18,,,
Ina Irens,0,,,
Indrė Kižienė,0,,,
Indrė Marija Baranauskienė,5,,,
Indrė Medeišytė,0,,,
Indrė Žvaigždinienė,15,,,
Inesis Kiškis,0,,,
Ineta Rizgelė,27,,,
Inga Pocevičienė,0,,,
Inga Balnanosienė,4,,,
Inga Barauskaitė,24,,,
Inga Buškutė,13,,,
Inga Cechanovičienė,6,,,
Inga Jagelevičiūtė,0,,,
Inga Juozapavičienė,5,,,
Inga Ruginienė,32,,,
Inga Šilinytė,10,,,
Inga Tarakavičiūtė,15,,,
Inga Žilienė,0,,,
Ingrida Muckutė,71,,,
Ingrida Vilkancaitė,2,,,
Irena Pušklevič,0,,,
Irena Stonkuvienė,0,,,
Irena Džervienė,2,,,
Irena Kasciuškevičiūtė,0,,,
Irena Lankauskienė,0,,,
Irena Malinauskienė,0,,,
Irena Matuliūkštienė,0,,,
Irena Saliomėja Čereškienė,0,,,
Irena Segalovičienė,2,,,
Irena Vinclav,0,,,
Irina Drozdovaitė,0,,,
Irina Malukienė,42,,,
Irina Urbonavičiūtė,0,,,
Irina Urbonė,0,,,
Irina Voitinovič,0,,,
Irma Lazickienė,0,,,
Irma Mozūraitytė,0,,,
Irma Patapienė,0,,,
Irmantas Mikulėnas,24,,,
Irmantas Petaraitis,0,,,
Irmantas Valūnas,8,,,
Irutė Varzienė,0,,,
Jadvyga Lukša,0,,,
Jana Mikulevič,0,,,
Janina Stripeikienė,0,,,
Janina Balabanova,0,,,
Janina Ivaškevič,0,,,
Janina Krušinskaitė,2,,,
Janina Kumpienė,1,,,
Janina Latvienė,0,,,
Janina Malinovskaja,0,,,
Janina Šokaitienė,0,,,
Janina Zavertanaja,0,,,
Jaronimas Laucius,0,,,
Jaunius Jasiūnas,0,,,
Jekaterina Rojaka,20,,,
Jelena Gomozova-Zdanovič,0,,,
Jevgenij Goretov,0,,,
Jevgenija Jankevič,4,,,
Jevgenijus Kuzma,10,,,
Ježy Miskis,49,,,
Joana Sokolnik,0,,,
Jolanta Bizaite,0,,,
Jolanta Ašmegienė,0,,,
Jolanta Bieliauskaitė,0,,,
Jolanta Čyžienė,0,,,
Jolanta Franckevičė,0,,,
Jolanta Ivanauskienė,3,,,
Jolanta Iždonienė,1,,,
Jolanta Sakalauskienė,2,,,
Jolanta Širkaitė,0,,,
Jolanta Vaitiekienė,0,,,
Jolanta Vaskelienė,0,,,
Jolanta Zabarskaitė,0,,,
Jolita Barkauskienė,0,,,
Jolita Gumaniukienė,54,,,
Jolita Sinkevičiūtė,45,,,
Jonas Burokas,0,,,
Jonas Česnavičius,0,,,
Jonas Dumašius,0,,,
Jonas Gečas,0,,,
Jonas Gricius,3,,,
Jonas Gudauskas,0,,,
Jonas Ivoška,0,,,
Jonas Jakaitis,0,,,
Jonas Kairys,2,,,
Jonas Lisauskas,10,,,
Jonas Makauskas,35,,,
Jonas Markelevičius,1,,,
Jonas Mickus,33,,,
Jonas Milerius,0,,,
Jonas Pupius,4,,,
Jonas Ragauskas,0,,,
Jonas Rasimas,0,,,
Jonas Rudzinskas,15,,,
Jonas Ruškus,0,,,
Jonas Rytis Puodžius,0,,,
Jonas Satkūnas,1,,,
Jonas Šimėnas,0,,,
Jonas Strazevičius,0,,,
Jonas Sviderskis,72,,,
Jonas Udris,1,,,
Jonas Uselis,0,,,
Jonas Vytautas Žukas,0,,,
Jonė Valčiukienė,0,,,
Josifas Bareiša,0,,,
Jovita Burlėgienė,2,,,
Judita Šakočiuvienė,0,,,
Judita Akromienė,1,,,
Judita Nagienė,136,,,
Judita Vaišnorienė,5,,,
Julija Drozdova,0,,,
Julija Sokolovskaja,0,,,
Julijus Naudžiūnas,0,,,
Julita Varanauskienė,1,,,
Julius Jauniškis,0,,,
Julius Karvelis,0,,,
Julius Jasaitis,0,,,
Julius Lukošius,3,,,
Julius Pagojus,0,,,
Juozas Augutis,4,,,
Juozas Bernatavičius,0,,,
Juozas Brigmanas,0,,,
Juozas Kontautas,0,,,
Juozas Nevedomskas,0,,,
Juozas Puodžiukaitis,0,,,
Juozas Šarkus,0,,,
Juozas Širvinskas,0,,,
Juozas Vytautas Šveikauskas,0,,,
Jūra Ivonaitytė,38,,,
Jūra Jaramaitienė,0,,,
Jūras Banys,2,,,
Juras Taminskas,0,,,
Jūratė Jakutienė,0,,,
Jūratė Katinaitė,0,,,
Jūratė Klevinskienė,0,,,
Jūratė Kulberkienė,13,,,
Jūratė Laurikėnaitė,14,,,
Jūratė Lebedevienė,0,,,
Jūratė Levickienė,0,,,
Jūratė Litvinienė,0,,,
Jūratė Palionytė,3,,,
Jūratė Sabalienė,18,,,
Jūratė Sinkevičienė,0,,,
Jūratė Šovienė,56,,,
Jūratė Zabielaitė,0,,,
Jurga Baršauskienė,9,,,
Jurga Greičienė,28,,,
Jurga Grudzinskaitė-Gainovskė,2,,,
Jurga Rukšėnaitė,3,,,
Jurgis Kazlauskas,0,,,
Jurgita Budraitytė,0,,,
Jurgita Domeikienė,32,,,
Jurgita Gaižiūnienė,4,,,
Jurgita Grebenkovienė,3,,,
Jurgita Gumbrevičienė,0,,,
Jurgita Iešmantaitė,2,,,
Jurgita Jarašūnienė,0,,,
Jurgita Klusevičiūtė,39,,,
Jurgita Lisauskienė,4,,,
Jurgita Norkienė,6,,,
Jurgita Plieskytė,0,,,
Jurgita Šnirpūnaitė,0,,,
Jurgita Stakėnienė,0,,,
Jurgita Trakimavičienė,0,,,
Jurgita Uzielienė,1,,,
Jurgita Žilinskienė,18,,,
Jurij Jodko,0,,,
Jurij Borisov,0,,,
Jurij Krasnomovec,0,,,
Jurij Miloš,0,,,
Jurius Petreikis,0,,,
Justas Jaskonis,0,,,
Justas Klimavičius,0,,,
Justas Malėnas,0,,,
Justina Grigaravičienė,35,,,
Justina Ratkevičiūtė,0,,,
Justinas Argustas,0,,,
Justinas Grigaliūnas,0,,,
Justinas Javorovičius,0,,,
Justinas Kulys,0,,,
Justinas Poderis,5,,,
Justinas Stašinskas,0,,,
Justinas Žilinskas,0,,,
Karolina Vozbutaitė,0,,,
Karolis Anužis,2,,,
Karolis Dieninis,22,,,
Karolis Švaikauskas,1,,,
Karolis Vaitkevičius,0,,,
Katrina Zeiter,0,,,
Kazimieras Garšva,4,,,
Kazimieras Jucevičius,0,,,
Kazys Algirdas Kaminskas,0,,,
Kazys Rušinskas,39,,,
Kazys Skutulas,0,,,
Kęstutis Milius,0,,,
Kęstutis Račkauskas,0,,,
Kęstutis Štaras,0,,,
Kęstutis Butvydas,0,,,
Kęstutis Čereška,2,,,
Kęstutis Jankauskas,15,,,
Kęstutis Jucevičius,0,,,
Kęstutis Kadūnas,0,,,
Kęstutis Kudzmanas,0,,,
Kęstutis Kupšys,8,,,
Kęstutis Lukošius,4,,,
Kęstutis Marcinkevičius,0,,,
Kęstutis Minelga,0,,,
Kęstutis Pupelis,0,,,
Kęstutis Stankevičius,0,,,
Kęstutis Straigis,1,,,
Kęstutis Vilkauskas,4,,,
Konstantinas Glazačiovas,0,,,
Kornelijus Platelis,13,,,
Kostas Mickevičius,0,,,
Kotryna Briedytė,0,,,
Kotryna Tamkutė,0,,,
Kristijonas Mineikis,0,,,
Kristina Liutikaitė,0,,,
Kristina Burinskaitė,0,,,
Kristina Česaitienė,0,,,
Kristina Čiurlytė,0,,,
Kristina Garuolienė,135,,,
Kristina Ivanauskaitė-Pettinari,0,,,
Kristina Jakštonytė,0,,,
Kristina Kirslienė,0,,,
Kristina Klovaitė,0,,,
Kristina Lapūnaitė,0,,,
Kristina Maksvytienė,11,,,
Kristina Merkelienė,2,,,
Kristina Paulikė,2,,,
Kristina Petrylė,0,,,
Kristina Sakauskienė,11,,,
Kristina Ščerbickaitė,1,,,
Kristina Semėnė,58,,,
Kristina Smirnovaitė,0,,,
Kristina Tomilina,0,,,
Kristupas Augustas Krivickas,0,,,
Laimutė Mackelienė,0,,,
Laima Galkutė,0,,,
Laima Kalinauskienė,44,,,
Laima Kasparavičiūtė,3,,,
Laima Kvaraciejienė,0,,,
Laima Kytrienė,0,,,
Laima Lazauskienė,0,,,
Laima Palinskaitė,0,,,
Laima Pašakinskienė,0,,,
Laima Vaičiulienė,22,,,
Laima Vengalė-Dits,2,,,
Laimas Dieninis,7,,,
Laimis Bilotas,0,,,
Laimonas Čiakas,41,,,
Laimonas Gailius,0,,,
Laimonas Petraitis,0,,,
Laimonas Rudys,0,,,
Laimutė Anglickienė,0,,,
Laimutė Pilukaitė,0,,,
Laimutė Višinskienė,0,,,
Laimutis Budrys,0,,,
Laisvūnas Bartkevičius,1,,,
Laura Augytė-Kamarauskienė,0,,,
Laura Jakaitytė,0,,,
Laura Jakutytė,0,,,
Laura Janulaitienė,1,,,
Laura Kuoraitė,8,,,
Laura Masiliauskaitė,0,,,
Laura Matjošaitytė,71,,,
Laura Nalivaikienė,0,,,
Laura Ruplėnaitė,0,,,
Laura Tatarėlytė,0,,,
Laura Zukė,4,,,
Lauris Martišius,0,,,
Laurynas Kaminskas,5,,,
Laurynas Račkauskas,0,,,
Laurynas Vilimas,13,,,
Leonas Andriukonis,0,,,
Leonas Kačinskas,0,,,
Leonas Kerosierius,5,,,
Leonas Kižla,0,,,
Leontina Telksnienė,0,,,
Leopoldas Tarakevičius,0,,,
Ligita Klapavščiuk,0,,,
Ligita Vaičiūnienė,0,,,
Ligita Valalytė,22,,,
Lilija Duoblienė,0,,,
Lilija Grod,0,,,
Lina Balėnaitė,9,,,
Lina Bučienė,4,,,
Lina Bušinskaitė,1,,,
Lina Čaplikaitė-Denisovienė,6,,,
Lina Frejutė,0,,,
Lina Joskaudaitė-Dmitrijeva,10,,,
Lina Kliukienė,12,,,
Lina Laipienytė,0,,,
Lina Liubauskaitė,1,,,
Lina Lukoševičiūtė,0,,,
Lina Petronienė,31,,,
Lina Sabaitienė,53,,,
Lina Šaltienė,0,,,
Lina Šemetulskytė,0,,,
Lina Skerstonaitė,0,,,
Lina Šriubėnė,17,,,
Lina Sveklaitė,5,,,
Lina Žibienė,0,,,
Linas Ikanevičius,0,,,
Linas Jonauskas,0,,,
Linas Kavolis,0,,,
Linas Kontrimas,0,,,
Linas Morkūnas,1,,,
Linas Pernavas,7,,,
Linas Sesickas,27,,,
Linas Slušnys,0,,,
Linas Valiauga,0,,,
Linas Vingelis,0,,,
Lineta Jakimavičienė,4,,,
Liubovė Murauskienė,0,,,
Liucija Nijolė Kikutienė,0,,,
Liudmila Nemirienė,0,,,
Liudvika Meškauskaitė,0,,,
Liudvikas Gadeikis,3,,,
Liudvikas Ragauskis,3,,,
Liudvikas Vilhelmas Tribulas,0,,,
Liutauras Ulevičius,0,,,
Liutauras Vičkačka,9,,,
Lolanta Pečiulytė,0,,,
Lolita Jablonskienė,0,,,
Lolita Šumskaitė,8,,,
Lora Gogelytė,19,,,
Loreta Ašoklienė,1,,,
Loreta Jakinevičienė,0,,,
Loreta Jakštienė,0,,,
Loreta Kimutytė,2,,,
Loreta Poliakaitė,0,,,
Loreta Tauginienė,1,,,
Lucija Gudaitytė,0,,,
Lucija Kristina Nemand,0,,,
Lucija Rudzinskaja,0,,,
Luka Marija Urbonaitė,0,,,
Lukas Burdulis,0,,,
Lukas Garla,0,,,
Lukas Kornelijus Vaičiakas,1,,,
Lukas Pukelis,0,,,
Lukas Savickas,17,,,
Lukas Tamulynas,0,,,
Lukas Zimantas,0,,,
Magdalena Auksė Narvilienė,0,,,
Maksimas Reznikovas,0,,,
Mantas Adomaitis,0,,,
Mantas Bartuška,2,,,
Mantas Česnauskas,0,,,
Mantas Jautakis,66,,,
Mantas Kerdokas,16,,,
Mantas Kuncaitis,0,,,
Mantas Martišius,7,,,
Mantas Paulauskas,0,,,
Mantas Tamulynas,0,,,
Mantas Zakarka,25,,,
Mantas Zalatorius,5,,,
Mantas Žemaitis,1,,,
Marcijonas Urmonas,0,,,
Margarita Šniutytė-Daugėlienė,0,,,
Marija Balezina,0,,,
Marija Danutė Kažukauskienė,0,,,
Marija Miknė,0,,,
Marijan Januševski,0,,,
Marina Urbonavičienė,0,,,
Marius Liogis,0,,,
Marius Ablačinskas,6,,,
Marius Atroška,0,,,
Marius Choruženka,0,,,
Marius Gorochovskis,0,,,
Marius Kliokys,1,,,
Marius Narmontas,120,,,
Marius Pareščius,0,,,
Marius Ragauskas,0,,,
Marius Rakštelis,56,,,
Marius Skuodis,33,,,
Marius Strička,0,,,
Marius Švaikauskas,0,,,
Marius Vainauskas,3,,,
Marius Vaščega,0,,,
Marius Žvinklis,5,,,
Martinas Žaltauskas,6,,,
Martyna Mickė,27,,,
Martynas Dargis,0,,,
Martynas Kačerauskas,0,,,
Martynas Martišauskas,0,,,
Martynas Nagevičius,21,,,
Matas Malijonis,0,,,
Matas Anužis,29,,,
Matas Taparauskas,7,,,
Medeina Augustinavičienė,13,,,
Mėnulė Genzelienė,0,,,
Miglė Domeikienė,4,,,
Miglė Masaitytė,8,,,
Milda Kaupelienė,58,,,
Milda Vainiutė,8,,,
Milena Gečis,7,,,
Mindaugas Strumskis,0,,,
Mindaugas Akelaitis,19,,,
Mindaugas Bajarūnas,0,,,
Mindaugas Bilius,0,,,
Mindaugas Janulionis,0,,,
Mindaugas Kauzonas,0,,,
Mindaugas Kriaučiūnas,0,,,
Mindaugas Kukaitis,4,,,
Mindaugas Kvietkauskas,0,,,
Mindaugas Lingė,4,,,
Mindaugas Macijauskas,29,,,
Mindaugas Milčiūnas,2,,,
Mindaugas Palionis,0,,,
Mindaugas Petrauskas,0,,,
Mindaugas Pliauga,0,,,
Mindaugas Ramelis,0,,,
Mindaugas Sinkevičius,108,,,
Mindaugas Skaraitis,0,,,
Mindaugas Stepanas,0,,,
Mindaugas Stonkus,4,,,
Mindaugas Šunokas,0,,,
Mindaugas Survila,0,,,
Mindaugas Tubinė,0,,,
Mindaugas Žičkus,1,,,
Mira Sakovič,0,,,
Miroslav Malinovski,0,,,
Miroslava Jemeljan,0,,,
Modestas Petravičius,0,,,
Monika Biraitė-Juodvalkienė,2,,,
Monika Čereškaitė,0,,,
Monika Garbačiauskaitė-Budrienė,9,,,
Monika Morkūnaitė,0,,,
Morta Ramoškaitė,0,,,
Muhammad Arif Bashir,0,,,
Natalija Vaitkunskienė,0,,,
Natalija Šedžiuvienė,0,,,
Natalija Žilinskienė,42,,,
Nedas Švirinas,0,,,
Nendrė Černiauskienė,0,,,
Nerija Bendinskienė,0,,,
Nerija Stasiulienė,19,,,
Nerijus Andriusevičius,4,,,
Nerijus Kaučikas,7,,,
Nėrijus Kisielius,0,,,
Nerijus Kupstaitis,50,,,
Nerijus Maliukevičius,0,,,
Nerijus Mikelionis,0,,,
Nerijus Rudaitis,3,,,
Nerijus Ščeponavičius,0,,,
Nerijus Stankevičius,0,,,
Neringa Bernotienė,7,,,
Neringa Keršienė,3,,,
Neringa Norkūnaitė-Sasnauskienė,8,,,
Neringa Pliuskutė,0,,,
Neringa Raglienė,3,,,
Neringa Šarkauskienė,1,,,
Neringa Skvereckaitė,0,,,
Neringa Tarvydienė,0,,,
Neringa Ulbaitė,18,,,
Nijolė Čiučiulkienė,0,,,
Nijolė Judinienė,0,,,
Nijolė Kundrotienė,5,,,
Nijolė Naujokienė,1,,,
Nijolė Putrienė,0,,,
Nijolė Špetienė,0,,,
Nomeda Poderienė,0,,,
Nora Ribokienė,19,,,
Nurada Petruševičiūtė Mickevičienė,0,,,
Odeta Jonykienė,0,,,
Odeta Vitkūnienė,28,,,
Oksana Paškevičienė,0,,,
Oksana Plesko,12,,,
Oksana Smolskienė,0,,,
Oleg Smirnov,4,,,
Olegas Sitnikovas,15,,,
Olga Grigienė,0,,,
Olga Kilkinova,13,,,
Olga Vėbrienė,4,,,
Olga Vitkauskienė,0,,,
Olga Žuravska,0,,,
Ona Zaleckienė,0,,,
Ona Monkevičienė,0,,,
Ona Šaltytė,0,,,
Orinta Omelytė,0,,,
Osvaldas Čalutka,0,,,
Osvaldas Šarmavičius,12,,,
Osvaldas Šmitas,34,,,
Palmira Rudalevičienė,0,,,
Paulė Kuzmickienė,0,,,
Paulė Svorobovičienė,39,,,
Paulina Tamelytė,0,,,
Paulius Baltokas,15,,,
Paulius Baltrušaitis,0,,,
Paulius Baniūnas,1,,,
Paulius Girčys,0,,,
Paulius Gurskis,0,,,
Paulius Kalvelis,0,,,
Paulius Majauskas,18,,,
Paulius Marozas,0,,,
Paulius Martinkėnas,0,,,
Paulius Paulaitis,0,,,
Paulius Zolubas,1,,,
Paulius Žukauskas,1,,,
Paulius Žvirblis,6,,,
Petras Butkys,0,,,
Petras Arnoldas Barysas,0,,,
Petras Baršauskas,1,,,
Petras Girdzijauskas,0,,,
Petras Jakavonis,4,,,
Petras Mendeika,0,,,
Petras Musteikis,0,,,
Petras Ruzgus,0,,,
Petras Tuma,0,,,
Petras Vilimas,0,,,
Pijus Ralys,54,,,
Piotr Rozanovskij,0,,,
Povilas Poderskis,0,,,
Povilas Purtokas,0,,,
Pranas Uloza,0,,,
Pranas Žiliukas,0,,,
Radvilė Jakaitienė,2,,,
Raimonda Eidžiūnė,0,,,
Raimonda Janonienė,43,,,
Raimonda Ponelytė,0,,,
Raimonda Žukauskaitė,1,,,
Raimondas Andrijauskas,3,,,
Raimondas Bakšys,9,,,
Raimondas Imbrasas,0,,,
Raimondas Kajėnas,6,,,
Raimondas Mačionis,0,,,
Raimondas Rimša,0,,,
Raimondas Sakalauskas,11,,,
Raimondas Savickas,0,,,
Raimundas Balčiūnaitis,17,,,
Raimundas Beinortas,4,,,
Raimundas Vaikšnoras,1,,,
Raminta Benetytė,0,,,
Raminta Kėželytė,0,,,
Raminta Malinauskaitė,0,,,
Ramūnas Burokas,37,,,
Ramūnas Davidonis,0,,,
Ramūnas Dilba,0,,,
Ramūnas Petrauskas,0,,,
Ramūnas Stonkus,0,,,
Ramūnas Šveikauskas,4,,,
Ramunė Gurklienė,0,,,
Ramunė Fabijonavičiūtė,3,,,
Ramunė Kalėdienė,0,,,
Rasa Biekšienė,0,,,
Rasa Bričkienė,3,,,
Rasa Čepatienė,0,,,
Rasa Gabrilavičienė,6,,,
Rasa Kanašonkienė,0,,,
Rasa Kavolytė,15,,,
Rasa Kiūdytė,12,,,
Rasa Kudžmienė,9,,,
Rasa Šliogerienė,3,,,
Rasa Svetikaitė,15,,,
Rasa Tamošiūnienė,0,,,
Rasa Tamulevičiūtė,55,,,
Rasa Trapikienė,0,,,
Rasa Uždavinytė,0,,,
Rasa Vaitkevičiūtė,15,,,
Rasa Valatkevičienė,2,,,
Rasa Virvilienė,15,,,
Rasa Zdanevičiūtė,2,,,
Reda Cimmperman,0,,,
Reda Daniškevičiūtė,16,,,
Reda Nikrėvičė,27,,,
Reda Vitkutė,0,,,
Redas Zelba,0,,,
Regimantas Kičas,0,,,
Regina Jaskelevičienė,18,,,
Regina Ivanauskaitė,0,,,
Regina Mininienė,17,,,
Regina Pavlova,0,,,
Regina Rudokienė,0,,,
Remigijus Kinderis,0,,,
Remigijus Baltrėnas,5,,,
Remigijus Baranauskas,0,,,
Remigijus Bielinskas,0,,,
Remigijus Bubnys,1,,,
Remigijus Jukna,0,,,
Remigijus Volikas,0,,,
Remigijus Žaliūnas,0,,,
Renaldas Augustinavičius,4,,,
Renaldas Čiužas,1,,,
Renaldas Germanavičius,0,,,
Renaldas Gudauskas,1,,,
Renaldas Vaisbrodas,0,,,
Renata Beržanskienė,0,,,
Renata Bilbokaitė,2,,,
Renata Dambrauskienė,0,,,
Renata Kananavičiūtė,0,,,
Renata Sobieska-Monkevič,0,,,
Renatas Gudeliūnas,0,,,
Renatas Mizeras,4,,,
Renatas Pocius,27,,,
Renatas Požėla,6,,,
Ričard Dzikovič,8,,,
Ričardas Žurinskas,0,,,
Ričardas Dubickas,0,,,
Ričardas Gaurys,0,,,
Ričardas Mockus,0,,,
Ričardas Sartatavičius,13,,,
Ričardas Slapšys,2,,,
Ričardas Šlepavičius,0,,,
Ričardas Žilaitis,0,,,
Ričiardas Plėšikaitis,0,,,
Rima Bružienė,0,,,
Rima Čepurnienė,0,,,
Rima Markuvienė,13,,,
Rima Martinėnienė,0,,,
Rima Maselytė,0,,,
Rima Urbonaitė,0,,,
Rima Vaitkienė,0,,,
Rimantas Bobinas,15,,,
Rimantas Čapas,30,,,
Rimantas Jurevičius,0,,,
Rimantas Kairelis,0,,,
Rimantas Krasuckis,8,,,
Rimantas Matuliauskas,0,,,
Rimantas Miknys,1,,,
Rimantas Prūsaitis,0,,,
Rimantas Remeika,0,,,
Rimantas Šerkšnas,0,,,
Rimantas Stankevičius,0,,,
Rimantas Vaitkus,0,,,
Rimantė Ratinskaitė,0,,,
Rimas Valungevičius,10,,,
Rimgailė Baliūnaitė,18,,,
Rimgailė Ruibytė,0,,,
Rimgaudas Balaiša,0,,,
Rimvydas Antanavičius,0,,,
Rimvydas Aleliūnas,0,,,
Rimvydas Baltaduonis,1,,,
Rimvydas Dilba,0,,,
Rimvydas Mintautas,0,,,
Rimvydas Petrauskas,1,,,
Rimvydas Pilibaitis,3,,,
Rimvydas Senkevičius,0,,,
Rimvydas Turčinskas,0,,,
Rita Ilgūnė-Martinėlienė,0,,,
Rita Arlovskaja,0,,,
Rita Banuškevičienė,0,,,
Rita Cicėnienė,51,,,
Rita Grumadaitė,0,,,
Rita Karalienė,0,,,
Rita Latviūnienė,0,,,
Rita Miliūnaitė,3,,,
Rita Rudokaitė,0,,,
Rita Sketerskienė,0,,,
Rita Skrebiškienė,0,,,
Rita Švedienė,0,,,
Robertas Ramanauskas,0,,,
Robertas Baltrūnas,0,,,
Robertas Bružilas,0,,,
Robertas Dargis,0,,,
Robertas Klovas,3,,,
Robertas Marteckas,0,,,
Rokas Stabingis,2,,,
Rolandas Aleksa,0,,,
Rolandas Kiškis,0,,,
Rolandas Masilevičius,0,,,
Rolandas Patėjūnas,0,,,
Rolandas Stankevičius,0,,,
Romanas Songaila,0,,,
Romas Baronas,1,,,
Romas Apulskis,3,,,
Romas Jankauskas,0,,,
Romas Lazutka,0,,,
Romas Pakalnis,1,,,
Romas Povilaitis,0,,,
Romas Stumbrys,0,,,
Romena Orlenko,0,,,
Romualda Masiulionienė,2,,,
Romualdas Čepanskis,0,,,
Romualdas Brazauskas,3,,,
Romualdas Gėgžnas,2,,,
Romualdas Liutkus,0,,,
Romualdas Povilaitis,3,,,
Romualdas Voišnis,0,,,
Ronaldas Račinskas,0,,,
Rudolfas Vigneris,0,,,
Rugilė Andziukevičiūtė-Buzė,8,,,
Rusnė Tepliakovaitė,0,,,
Rustamas Liubajevas,0,,,
Rūta Kačkutė,0,,,
Rūta Bičiuvienė,0,,,
Rūta Dapkutė-Stankevičienė,0,,,
Rūta Jasulaitienė,18,,,
Rūta Kaziliūnaitė,102,,,
Rūta Kazlauskaitė,0,,,
Rūta Krasauskienė,1,,,
Rūta Krasuckaitė,1,,,
Rūta Pileckaitė-Vasilienė,1,,,
Rūta Putnikienė,1,,,
Rūta Revoldienė,8,,,
Rūta Skyrienė,29,,,
Rūta Vainienė,8,,,
Rytas Narvydas,0,,,
Rytis Kėvalaitis,2,,,
Rytis Vosylius,13,,,
Sakalas Gorodeckis,0,,,
Sandra Biziulevičienė,0,,,
Sandra Ragėnaitė,0,,,
Sandra Tamašauskaitė,0,,,
Sara Aškinytė,2,,,
Šarūnas Orlavičius,1,,,
Šarūnas Birutis,0,,,
Šarūnas Frolenko,80,,,
Šarūnas Laužadis,0,,,
Šarūnas Narbutas,3,,,
Šarūnas Prieskienis,0,,,
Šarūnas Rameikis,0,,,
Šarūnas Šoblinskas,3,,,
Šarūnė Navickaitė-Dulaitienė,0,,,
Sati Juraitytė,0,,,
Saulė Iždonaitė-Karalevičienė,1,,,
Saulė Mačiukaitė-Žvinienė,9,,,
Saulė Skripkauskienė,5,,,
Saulius Džiautas,27,,,
Saulius Greičius,1,,,
Saulius Liausa,0,,,
Saulius Macijauskas,0,,,
Saulius Stripeika,0,,,
Saulius Tamulevičius,0,,,
Saulius Briginas,0,,,
Saulius Gaigalas,0,,,
Saulius Galadauskas,9,,,
Saulius Jarmalis,0,,,
Saulius Jasius,4,,,
Saulius Kerza,2,,,
Saulius Šimanauskas,0,,,
Saulius Urbanavičius,7,,,
Sergej Achmetov,0,,,
Sergejus Neznanovas,0,,,
Sergejus Tichomirovas,0,,,
Sergejus Volkovas,3,,,
Sigita Gorovniova,2,,,
Sigita Jurgelevičienė,0,,,
Sigita Kriaučiūnienė,0,,,
Sigita Mykolaitytė,0,,,
Sigita Rojutė,0,,,
Sigitas Dimaitis,108,,,
Sigitas Kaziulionis,0,,,
Sigitas Mitkus,5,,,
Sigitas Vaitkevičius,0,,,
Sigitas Žilionis,0,,,
Sigitas Žilius,0,,,
Sigutė Brusovienė,0,,,
Silvestras Golcas,0,,,
Silvinija Simonaitytė,0,,,
Simona Adamkevičiūtė,25,,,
Simona Bindoriūtė-Ryliškienė,5,,,
Simona Daukilaitė-Džibladzė,0,,,
Simona Krolytė,0,,,
Simona Mesonienė,48,,,
Simona Stančiukaitė,0,,,
Simonas Fedianinas,0,,,
Siuzana Ščerbina-Dalibagienė,28,,,
Zdislavas Skvarciany,0,,,
Snieguolė Reklaitienė,0,,,
Sofija Selvestravičienė,0,,,
Sofija Ulevič,0,,,
Sonata Gendvilaitė,12,,,
Sonata Skuminaitė,0,,,
Stanislava Gansevskaja,0,,,
Stanislava Muchina,0,,,
Stanislavas Krisiukas,0,,,
Stanislovas Ulinskas,0,,,
Stanislovas Žilinskas,0,,,
Stasė Kaminskaja,0,,,
Stasė Stoškienė,0,,,
Stasilė Znutienė,7,,,
Stasys Lipskis,0,,,
Stasys Marozas,0,,,
Stasys Stačiokas,0,,,
Stasys Vainauskas,0,,,
Stasys Žirgulis,4,,,
Stefan Ugrevič,0,,,
Steponas Kulbauskas,9,,,
Steponas Virketis,0,,,
Svajonė Šaltauskienė,0,,,
Svetlana Urusova,0,,,
Svetlana Grigorian,0,,,
Svetlana Kulpina,74,,,
Svetlana Misevičienė,0,,,
Tadas Bertulis,0,,,
Tadas Gauronskis,9,,,
Tadas Jagminas,21,,,
Tadas Juozumas,0,,,
Tadas Mockevičius,0,,,
Tadas Pakalniškis,0,,,
Tadas Pakulis,0,,,
Tadas Semenovičius,0,,,
Tadas Sudnickas,0,,,
Tadeuš Sivicki,0,,,
Tamara Lukoševičienė,0,,,
Taresa Semionova,0,,,
Tatjana Ščiurina,5,,,
Tauras Rutkūnas,2,,,
Tautginas Mickevičius,20,,,
Tautvidas Klimavičius,0,,,
Tautvydas Bukinas,0,,,
Tautvydas Butkus,0,,,
Tautvydas Klivickas,0,,,
Tautvydas Krilavičius,0,,,
Teodoras Jonas Žukas,0,,,
Teresė Birutė Burauskaitė,11,,,
Teresė Staniulytė,0,,,
Toma Leonova,24,,,
Tomas Kazlauskas,0,,,
Tomas Šedbaras,0,,,
Tomas Alonderis,1,,,
Tomas Antulis,0,,,
Tomas Bakučionis,2,,,
Tomas Balžekas,0,,,
Tomas Boldorevas,0,,,
Tomaš Božerocki,0,,,
Tomas Čepononis,0,,,
Tomas Godliauskas,1,,,
Tomas Jakutavičius,3,,,
Tomas Kairys,0,,,
Tomas Lukoševičius,0,,,
Tomas Malakauskas,0,,,
Tomas Matulevičius,0,,,
Tomas Pilukas,13,,,
Tomas Ragauskas,6,,,
Tomas Raudys,0,,,
Tomas Rytel,2,,,
Tomas Stankevičius,6,,,
Tomas Tukačiauskas,4,,,
Tomas Želvys,0,,,
Ugnė Lasevičiūtė,0,,,
Ugnė Tučiūtė,0,,,
Vadim Vileita,0,,,
Vaida Budzevičienė,15,,,
Vaida Barizienė,2,,,
Vaida Čepaitė,3,,,
Vaida Jauniškienė,0,,,
Vaida Juozapaitytė,0,,,
Vaida Vilimaitė-Zubrickienė,3,,,
Vaida Vilkuotytė,0,,,
Vaida Žukauskaitė,3,,,
Vaidas Jusis,0,,,
Vaidas Navickas,0,,,
Vaidas Valiūnas,0,,,
Vaidotas Aleksius,2,,,
Vaidotas Deksnys,0,,,
Vaidotas Kalinauskas,138,,,
Vaidotas Verba,0,,,
Vaidutė Ščiglienė,0,,,
Vainius Šarmavičius,4,,,
Vaiva Bernotaitė,2,,,
Vaiva Obelevičienė,0,,,
Vaiva Radavičiūtė,0,,,
Vaiva Žukienė,13,,,
Valda Dirginčienė,0,,,
Valdas Alūzas,0,,,
Valdas Kochanauskas,0,,,
Valdas Lukoševičius,2,,,
Valdas Jaskūnas,4,,,
Valdas Lastauskas,0,,,
Valdas Šereika,0,,,
Valdas Sutkus,48,,,
Valdas Vaičiūnas,0,,,
Valdemar Urban,0,,,
Valdemar Pavlovič,0,,,
Valdemar Ratkevič,0,,,
Valdemaras Anužis,0,,,
Valdemaras Jakštas,0,,,
Valdemaras Razumas,2,,,
Valdemaras Serbenta,0,,,
Valentina Krisiukienė,0,,,
Valentina Puikienė,0,,,
Valentina Zakševskaja,0,,,
Valentinas Aleksa,0,,,
Valentinas Novikovas,0,,,
Valentinas Paketūras,0,,,
Valentinas Šapalas,0,,,
Valentinas Tarasovas,0,,,Andrius Tarasovas #N/A
Valerij Tretjakov,0,,,Gediminas Karalius #N/A
Valerij Vincukevič,0,,,Laimutė Mackelienė #N/A
Valerijonas Bernotas,0,,,Laimutė Mackelienė #N/A
Valerijus Vinikas,0,,,Laimutė Mackelienė #N/A
Vanda Višnis,0,,,Laimutė Mackelienė #N/A
Vanesa Ražinskytė,0,,,Pailus Žvirblis #N/A
Venantas Griciūnas,6,,,Piotr Rožanovskij #N/A
Vera Palaškevič,0,,,Vytautas Aranauskas #N/A
Veronika Romanchik,0,,,
Viačeslavas Zaksas,30,,,
Vida Ablingienė,122,,,
Vida Gražienė,4,,,
Vida Ivaškienė,0,,,
Vida Montvydaitė,0,,,
Vida Šatkauskienė,1,,,
Vida Žukauskaitė,0,,,
Vidas Mačaitis,1,,,
Vidmantas Janulevičius,0,,,
Vidmantas Bezaras,10,,,
Vidmantas Eigėlis,0,,,
Vidmantas Japertas,0,,,
Vidmantas Karabinas,0,,,
Vidmantas Markevičius,0,,,
Vidmantas Pumputis,14,,,
Vidmantas Samys,0,,,
Vidmantas Tamulis,20,,,
Vidmantas Valiušaitis,0,,,
Vidmondas Vėgelis,0,,,
Viktoras Bachmetjevas,1,,,
Viktoras Blinovas,0,,,
Viktoras Popandopula,0,,,
Viktoras Šapovalovas,0,,,
Viktorija Grežėnienė,0,,,
Viktorija Bražiūnaitė,0,,,
Viktorija Dūdienė,0,,,
Viktorija Sankauskaitė,12,,,
Viktorija Šedbaraitė,0,,,
Viktorija Vaškevičienė,0,,,
Vilija Augutavičienė,13,,,
Vilija Lapėnienė,0,,,
Vilija Salienė,3,,,
Vilija Targamadzė,4,,,
Vilius Semeška,8,,,
Vilius Aleksandras Maslauskas,0,,,
Vilius Baublys,0,,,
Vilius Pečkaitis,4,,,
Vilma Bielskuvienė,0,,,
Vilma Žukauskienė,0,,,
Vilma Adamavičiūtė,40,,,
Vilma Mačerauskienė,7,,,
Vilma Maslauskienė,2,,,
Vilma Meldžiukaitė,4,,,
Vilma Pakašiūtė,0,,,
Vilma Puišienė,0,,,
Vilma Srogė,38,,,
Vilma Telyčėnienė,0,,,
Vilmantas Graičiūnas,4,,,
Vilmantė Miškinytė,0,,,
Vincas Jurgutis,0,,,
Vincas Žydelis,0,,,
Vincentas Vobolevičius,2,,,
Violeta Kolonaitienė,0,,,
Violeta Kosmačaitė,1,,,
Violeta Latvienė,76,,,
Violeta Nedzveckienė,0,,,
Violeta Tamašauskienė,0,,,
Violeta Toleikienė,4,,,
Virgilija Beganskaitė,0,,,
Virgilijus Pozingis,0,,,
Virgina Šakalienė,0,,,
Virginija Kalesnikienė,0,,,
Virginija Snimuškina,0,,,
Virginija Žoštautienė,25,,,
Virginijus Šmigelskas,0,,,
Virginijus Daukšys,5,,,
Virginijus Gedgaudas,0,,,
Virginijus Kanapinskas,6,,,
Virginijus Pauža,0,,,
Virginijus Varnaitis,1,,,
Virmantė Voinilko,18,,,
Visvaldas Varžinskas,0,,,
Vita Baliukevičienė,50,,,
Vita Beržiūnaitė,0,,,
Vita Ramanauskaitė,7,,,
Vita Šulskytė,0,,,
Vitalij Miloradovič,0,,,
Vitalija Bujanauskienė,0,,,
Vitalija Griškova,53,,,
Vitalija Jankauskaitė-Milčiuvienė,0,,,
Vitalijus Andrejevas,3,,,
Vitalijus Auglys,40,,,
Vitalijus Vaikšnoras,0,,,
Vitas Antanas Kelevišius,0,,,
Vitoldas Sobolis,0,,,
Vladas Achmatovas,0,,,
Vladas Turčinavičius,0,,,
Vladas Vansevičius,0,,,
Vladimir Chmel,0,,,
Vladimir Banel,12,,,
Vladislav Petkevič,0,,,
Vladislavas Kondratovičius,0,,,
Vydūnas Sadauskas,0,,,
Vydūnas Trapinskas,0,,,
Vygantas Katkevičius,0,,,
Vygintas Gasparavičius,1,,,
Vykintas Vaitkevičius,0,,,
Vytas Lukšys,2,,,
Vytas Miliauskas,0,,,
Vytautas Kisielius,1,,,
Vytautas Vabravičius,0,,,
Vytautas Antanas Januška,9,,,
Vytautas Babravičius,0,,,
Vytautas Buivydas,4,,,
Vytautas Čepukas,0,,,
Vytautas Černevičius,0,,,
Vytautas Gailiušas,2,,,
Vytautas Giedraitis,1,,,
Vytautas Giržadas,0,,,
Vytautas Grašys,0,,,
Vytautas Jurgis Bubnys,0,,,
Vytautas Kazimieras Aranauskas,9,,,
Vytautas Klimas,0,,,
Vytautas Lapinskas,0,,,
Vytautas Mikalauskas,0,,,
Vytautas Ratkevičius,0,,,
Vytautas Rudokas,0,,,
Vytautas Sinkevičius,5,,,
Vytautas Stančikas,0,,,
Vytautas Urbaitis,0,,,
Vytautas Vaclovas Geštautas,0,,,
Vytautas Valentinavičius,47,,,
Vytautas Vitkauskas,0,,,
Vytautas Zabielskas,0,,,
Vytautė Kazlauskaitė-Švenčionienė,17,,,
Vytautė Šmaižytė,0,,,
Vytenis Fuks,0,,,
Vytenis Gudelis,0,,,
Vytis Muliuolis,21,,,
Žana Jerochovienė,37,,,
Žaneta Rudaitienė,5,,,
Žaneta Simanavičienė,0,,,
Žaneta Vaškevičienė,0,,,
Zbignev Glazko,1,,,
Zbignev Semenovič,0,,,
Zbnignevas Ibelgauptas,1,,,
Zenon Jurgilevič,0,,,
Zenonas Dabkevičius,1,,,
Zenonas Vaigauskas,5,,,
Žibartas Juozas Jackūnas,0,,,
Zigfridas Jankauskas,0,,,
Zigmantas Merliūnas,0,,,
Žilvinas Danys,0,,,
Žilvinas Galimovas,0,,,
Žilvinas Klimka,10,,,
Žilvinas Mišeikis,0,,,
Zina Morozova,0,,,
Zita Bislienė,0,,,
Zita Eidukaitytė,0,,,
Zita Šaravina,0,,,
Zita Sorokienė,1,,,
Zita Valatkienė,0,,,
Zita Valiūnienė,0,,,
Zita Zamžickienė,0,,,
Živilė Kindurytė,0,,,
Živilė Liberienė,1,,,
Živilė Mackevičiūtė,0,,,
Živilė Rancienė,0,,,
Živilė Simonaitytė,85,,,
Živilė Turevičienė,1,,,
Živilė Uždavinytė-Kerbelė,2,,,
Živilė Verbylaitė,0,,,
Zoja Tereško,0,,,
Žydrūnas Plytnikas,41,,,
Žydrūnas Radišauskas,23,,,
Žygimantas Lisauskas,0,,,
Žygimantas Lukša,0,,,
Žygintas Pečiulis,0,,,
Dalia Matulienė,0,,,
Eglė Peciukonė,1,,,
Eugenijus Peikštenis,1,,,
Regina Jaskelevičienė,20,,,
Tomas Markevičius,0,,,
Jonas Gumbelevičius,0,,,
Reda Gabrilavičiūtė,23,,,
Jonas Markauskas,0,,,
Edita Kavoliūnienė,6,,,
Salvina Taukinaitienė,0,,,
Antanas Mikalauskas1,0,,,
Antanas Mikalauskas2,3,,,
Andrius Tarasovas,0,,,